ID,SFR,2MASS ID,NAME,PI,EPI,FL_PI,DPC,FL_MULT,SEP,SPT,REF_SPT,nu_B7,FL_B7,F_B7,eF_B7,LIM_B7,REF_B7,nu_B6,FL_B6,F_B6,eF_B6,LIM_B6,REF_B6,nu_B3,FL_B3,F_B3,eF_B3,LIM_B3,REF_B3,FL_A67,A67,LIM_A67,FL_A36,A36,LIM_A36
1,Tau,J04135737+2918193,IRAS_04108+2910,8.10,0.10,GaiaDR2,123.2,S,-1,M0,1,0.0,-1,0.00,0.00,0.00,none,230.6,1,-1.00,-1.00,19.80,Schaefer09,111.0,1,-1.00,-1.00,5.10,Schaefer09,-1,0.00,0.00,-1,0.00,0.00
2,Tau,J04141188+2811535,J04141188,7.63,0.17,GaiaDR2,130.6,S,-1,M6.25,1,338.7,0,1.06,0.21,0.00,Ward-Duong18,230.6,1,0.91,0.65,2.86,Scholz06,0.0,-1,0.00,0.00,0.00,none,1,-1.00,-2.58,-1,0.00,0.00
3,Tau,J04141358+2812492,FM_Tau,7.58,0.05,GaiaDR2,131.6,S,-1,M0,1,347.4,0,32.00,8.00,0.00,Andrews05,220.0,0,11.30,0.20,0.00,Pietu14,100.7,0,2.65,0.24,0.00,Ricci10,0,2.28,0.00,0,1.86,0.00
4,Tau,J04141458+2827580,FN_Tau,7.62,0.06,GaiaDR2,131.0,S,-1,M5,1,339.7,0,44.00,0.20,0.00,Tripathi17,230.6,1,-1.00,-1.00,17.70,Schaefer09,102.5,0,4.10,0.80,0.00,Ricci12,1,-1.00,2.35,2,-1.00,1.80
5,Tau,J04141700+2810578,CW_Tau,7.55,0.04,GaiaDR2,131.7,S,-1,K3,1,343.0,0,145.10,1.40,0.00,Bacciotti18,220.0,0,58.70,0.40,0.00,Pietu14,84.2,0,3.44,0.31,0.00,Ricci10,0,2.04,0.00,0,2.95,0.00
6,Tau,J04141760+2806096,CIDA_1,7.37,0.09,GaiaDR2,135.3,S,-1,M5.5,1,338.0,0,35.40,0.20,0.00,Pinilla18,230.6,0,13.50,2.80,0.00,Schaefer09,93.0,0,1.98,0.11,0.00,Ricci14,0,2.52,0.00,0,2.11,0.00
7,Tau,J04142626+2806032,MHO_1+2,7.54,0.22,GaiaDR2,132.4,J,3.93,M2.5,1,340.2,0,771.90,3.30,0.00,Akeson14,223.6,0,350.08,0.79,0.00,Akeson14,102.5,0,8.07,1.10,0.00,Ricci12,0,1.88,0.00,0,4.83,0.00
8,Tau,J04142626+2806032,MHO_1,7.04,0.54,GaiaDR2,142.2,T,0,M2.5,1,340.2,0,476.70,3.20,0.00,Akeson14,223.6,0,216.74,0.76,0.00,Akeson14,102.5,0,5.05,1.10,0.00,Ricci12,0,1.88,0.00,0,4.82,0.00
9,Tau,J04142639+2805597,MHO_2_AB,7.54,0.22,GaiaDR2,132.5,CB,0.05,M2.5,1,340.2,0,295.20,3.30,0.00,Akeson14,223.6,0,133.34,0.79,0.00,Akeson14,102.5,0,3.02,1.10,0.00,Ricci12,0,1.89,0.00,0,4.86,0.00
10,Tau,J04143054+2805147,MHO_3_AB,7.21,0.79,avg,139.1,CB,0.031,K7,1,345.0,0,18.30,4.62,0.00,Buckle15,224.5,1,-1.00,-1.00,12.00,Harris12,0.0,-1,0.00,0.00,0.00,none,1,-1.00,0.98,-1,0.00,0.00
11,Tau,J04144730+2646264,FP_Tau,7.78,0.05,GaiaDR2,128.1,S,-1,M4,1,338.7,0,18.68,0.26,0.00,Ward-Duong18,230.6,1,-1.00,-1.00,9.30,Schaefer09,100.8,0,11.80,0.26,0.00,Ricci10,1,-1.00,1.81,2,-1.00,-0.29
12,Tau,J04144786+2648110,CX_Tau,7.82,0.04,GaiaDR2,127.6,S,-1,M2.5,1,345.0,0,25.00,6.00,0.00,Andrews05,220.0,0,9.60,0.20,0.00,Pietu14,86.2,0,1.01,0.13,0.00,Ricci10,0,2.13,0.00,0,2.40,0.00
13,Tau,J04144928+2812305,FO_Tau_AB,6.37,0.38,GaiaDR2,156.4,J,0.15,M3.5,1,345.0,0,13.00,3.00,0.00,Andrews05,239.9,0,6.01,0.19,0.00,Akeson19,0.0,-1,0.00,0.00,0.00,none,0,2.12,0.00,-1,0.00,0.00
14,Tau,J04144928+2812305,FO_Tau_A,6.37,0.38,GaiaDR2,156.5,B,0,M3.5,2,0.0,-1,0.00,0.00,0.00,none,239.9,0,3.07,0.19,0.00,Akeson19,0.0,-1,0.00,0.00,0.00,none,-1,0.00,0.00,-1,0.00,0.00
15,Tau,J04144928+2812305,FO_Tau_B,6.37,0.38,GaiaDR2,155.5,B,0,M3.5,2,0.0,-1,0.00,0.00,0.00,none,239.9,0,2.94,0.19,0.00,Akeson19,0.0,-1,0.00,0.00,0.00,none,-1,0.00,0.00,-1,0.00,0.00
16,Tau,J04153916+2818586,J04153916,7.61,0.08,GaiaDR2,130.7,S,-1,M3.75,1,345.0,1,14.80,7.40,37.00,Buckle15,225.4,0,13.40,1.40,0.00,Andrews13,0.0,-1,0.00,0.00,0.00,none,2,-1.00,2.39,-1,0.00,0.00
17,Tau,J04154278+2909597,IRAS_04125+2902,6.25,0.07,GaiaDR2,159.5,S,-1,M1.25,1,340.9,0,42.00,0.10,0.00,Tripathi17,225.4,0,19.50,0.75,0.00,Andrews13,0.0,-1,0.00,0.00,0.00,none,0,1.85,0.00,-1,0.00,0.00
18,Tau,J04155799+2746175,J04155799,7.37,0.11,GaiaDR2,135.2,S,-1,M5.5,1,0.0,-1,0.00,0.00,0.00,none,225.4,0,12.60,1.40,0.00,Andrews13,0.0,-1,0.00,0.00,0.00,none,-1,0.00,0.00,-1,0.00,0.00
19,Tau,J04161210+2756385,J04161210,7.27,0.12,GaiaDR2,137.2,S,-1,M4.75,1,338.7,0,5.71,0.17,0.00,Ward-Duong18,225.4,1,-1.00,-1.00,4.20,Andrews13,0.0,-1,0.00,0.00,0.00,none,1,-1.00,0.75,-1,0.00,0.00
20,Tau,J04163911+2858491,J04163911,6.25,0.54,GaiaDR2,159.6,S,-1,M5.5,1,0.0,-1,0.00,0.00,0.00,none,225.4,1,-1.00,-1.00,2.50,Andrews13,0.0,-1,0.00,0.00,0.00,none,-1,0.00,0.00,-1,0.00,0.00
21,Tau,J04173372+2820468,CY_Tau,7.76,0.04,GaiaDR2,128.4,S,-1,M1.5,1,337.1,0,207.00,1.20,0.00,Tripathi17,230.0,0,119.00,13.50,0.00,Perez15,107.0,0,26.10,2.90,0.00,Perez15,0,1.45,0.00,0,1.98,0.00
22,Tau,J04174955+2813318,KPNO_10,7.28,0.12,GaiaDR2,137.1,S,-1,M5,1,345.0,0,20.00,4.03,0.00,Buckle15,225.4,0,7.80,1.40,0.00,Andrews13,0.0,-1,0.00,0.00,0.00,none,0,2.21,0.00,-1,0.00,0.00
23,Tau,J04174965+2829362,V410_X-ray_1,7.75,0.08,GaiaDR2,128.8,S,-1,M4,1,345.0,1,-1.00,-1.00,9.00,Andrews05,0.0,-1,0.00,0.00,0.00,none,0.0,-1,0.00,0.00,0.00,none,-1,0.00,0.00,-1,0.00,0.00
24,Tau,J04181078+2519574,V409_Tau,7.61,0.04,GaiaDR2,130.9,S,-1,M1.5,1,0.0,-1,0.00,0.00,0.00,none,225.4,0,18.70,1.40,0.00,Andrews13,0.0,-1,0.00,0.00,0.00,none,-1,0.00,0.00,-1,0.00,0.00
25,Tau,J04181710+2828419,V410_Anon_13,8.04,0.33,GaiaDR2,124.2,S,-1,M5.75,1,338.7,0,1.35,0.16,0.00,Ward-Duong18,230.6,1,-1.00,-1.00,9.00,Schaefer09,111.0,1,-1.00,-1.00,6.90,Schaefer09,1,-1.00,-4.93,-1,0.00,0.00
26,Tau,J04183112+2816290,DD_Tau_AB,8.12,0.19,GaiaDR2,122.3,J,0.57,M3.5,2,340.8,0,33.00,3.00,0.00,Harris12,239.0,0,17.00,4.00,0.00,Osterloh95,111.0,0,4.50,1.30,0.00,Dutrey96,0,1.87,0.00,0,1.73,0.00
27,Tau,J04183112+2816290,DD_Tau_A,8.12,0.19,GaiaDR2,122.4,B,0,M3.5,2,340.8,0,24.00,3.00,0.00,Harris12,0.0,-1,0.00,0.00,0.00,none,0.0,-1,0.00,0.00,0.00,none,-1,0.00,0.00,-1,0.00,0.00
28,Tau,J04183112+2816290,DD_Tau_B,8.12,0.19,GaiaDR2,122.3,B,0,M3.5,2,340.8,0,9.00,3.00,0.00,Harris12,0.0,-1,0.00,0.00,0.00,none,0.0,-1,0.00,0.00,0.00,none,-1,0.00,0.00,-1,0.00,0.00
29,Tau,J04183158+2816585,CZ_Tau_AB,8.05,0.31,avg,124.0,J,0.317,M3,1,345.0,1,-1.00,-1.00,9.00,Andrews05,239.9,0,0.62,0.12,0.00,Akeson19,111.0,1,-1.00,-1.00,4.00,Dutrey96,2,-1.00,7.36,1,-1.00,-2.42
30,Tau,J04183158+2816585,CZ_Tau_A,8.05,0.31,avg,124.1,B,0,M3,1,0.0,-1,0.00,0.00,0.00,none,239.9,1,-1.00,-1.00,0.62,Akeson19,0.0,-1,0.00,0.00,0.00,none,-1,0.00,0.00,-1,0.00,0.00
31,Tau,J04183158+2816585,CZ_Tau_B,8.05,0.31,avg,123.3,B,0,M6,1,0.0,-1,0.00,0.00,0.00,none,239.9,0,0.62,0.12,0.00,Akeson19,0.0,-1,0.00,0.00,0.00,none,-1,0.00,0.00,-1,0.00,0.00
32,Tau,J04183444+2830302,V410_X-ray_2,7.61,0.37,avg,131.6,S,-1,M0,1,340.9,0,26.00,1.00,0.00,Tripathi17,225.4,0,15.00,1.00,0.00,D_Powell,0.0,-1,0.00,0.00,0.00,none,0,1.33,0.00,-1,0.00,0.00
33,Tau,J04184061+2819155,V892_Tau,8.52,0.12,GaiaDR2,117.2,CB,0.06,B8,3,345.0,0,638.00,54.00,0.00,Mannings94,225.4,0,251.00,10.00,0.00,Hamidouche10,102.5,0,54.90,1.00,0.00,Ricci12,0,2.19,0.00,0,1.93,0.00
34,Tau,J04184133+2827250,LR_1,7.63,0.32,avg,130.6,S,-1,K4.5,1,0.0,-1,0.00,0.00,0.00,none,225.4,0,30.80,1.60,0.00,Andrews13,0.0,-1,0.00,0.00,0.00,none,-1,0.00,0.00,-1,0.00,0.00
35,Tau,J04184250+2818498,V410_X-ray_7,7.97,0.26,GaiaDR2,125.2,CB,0.032,M0.75,1,345.0,0,12.50,3.27,0.00,Buckle15,225.4,1,-1.00,-1.00,13.00,Harris12,0.0,-1,0.00,0.00,0.00,none,1,-1.00,-0.09,-1,0.00,0.00
36,Tau,J04190110+2819420,V410_X-ray_6,8.38,0.15,GaiaDR2,119.1,S,-1,M5.5,1,338.7,1,-1.00,-1.00,0.27,Ward-Duong18,225.4,1,-1.00,-1.00,2.10,Andrews13,0.0,-1,0.00,0.00,0.00,none,-1,0.00,0.00,-1,0.00,0.00
37,Tau,J04190126+2802487,KPNO_12,7.52,0.83,avg,132.1,S,-1,M9,1,345.0,1,2.96,8.77,29.27,Buckle15,225.4,1,-1.00,-1.00,2.10,Scholz06,0.0,-1,0.00,0.00,0.00,none,-1,0.00,0.00,-1,0.00,0.00
38,Tau,J04191281+2829330,FQ_Tau_AB,7.27,0.80,avg,138.8,J,0.78,M3,2,340.2,0,9.66,0.48,0.00,Akeson14,223.6,0,5.80,0.21,0.00,Akeson14,0.0,-1,0.00,0.00,0.00,none,0,1.22,0.00,-1,0.00,0.00
39,Tau,J04191281+2829330,FQ_Tau_A,7.27,0.80,avg,136.7,B,0,M3,2,340.2,0,5.42,0.48,0.00,Akeson14,223.6,0,3.10,0.21,0.00,Akeson14,0.0,-1,0.00,0.00,0.00,none,0,1.33,0.00,-1,0.00,0.00
40,Tau,J04191281+2829330,FQ_Tau_B,7.27,0.80,avg,136.5,B,0,M3.5,2,340.2,0,4.24,0.47,0.00,Akeson14,223.6,0,2.70,0.15,0.00,Akeson14,0.0,-1,0.00,0.00,0.00,none,0,1.08,0.00,-1,0.00,0.00
41,Tau,J04191583+2906269,BP_Tau,7.75,0.06,GaiaDR2,128.8,S,-1,K7,1,345.0,0,130.00,7.00,0.00,Andrews05,230.6,0,51.56,7.71,0.00,Guilloteau11,102.5,0,10.10,0.60,0.00,Ricci12,0,2.30,0.00,0,2.01,0.00
42,Tau,J04192625+2826142,V819_Tau,7.59,0.06,GaiaDR2,131.4,S,-1,K7,1,345.0,1,-1.00,-1.00,9.00,Andrews05,229.5,0,0.53,0.16,0.00,Hardy15,88.2,1,-1.00,-1.00,2.40,Duvert00,2,-1.00,6.95,1,-1.00,-1.58
43,Tau,J04193545+2827218,FR_Tau,8.36,0.30,GaiaDR2,119.1,S,-1,M5.25,1,0.0,-1,0.00,0.00,0.00,none,239.8,1,-1.00,-1.00,15.00,Osterloh95,0.0,-1,0.00,0.00,0.00,none,-1,0.00,0.00,-1,0.00,0.00
44,Tau,J04201611+2821325,J04201611,7.75,0.20,GaiaDR2,128.6,S,-1,M6.5,1,345.0,1,34.60,21.10,97.90,Buckle15,225.4,1,-1.00,-1.00,1.70,Andrews13,0.0,-1,0.00,0.00,0.00,none,-1,0.00,0.00,-1,0.00,0.00
45,Tau,J04202144+2813491,J04202144,6.53,1.01,avg,153.8,S,-1,M1,1,0.0,-1,0.00,0.00,0.00,none,225.4,0,52.40,1.50,0.00,Andrews13,0.0,-1,0.00,0.00,0.00,none,-1,0.00,0.00,-1,0.00,0.00
46,Tau,J04202555+2700355,J04202555,5.87,0.18,GaiaDR2,169.4,S,-1,M5.25,1,338.7,0,18.31,0.27,0.00,Ward-Duong18,225.4,0,8.40,1.40,0.00,Andrews13,0.0,-1,0.00,0.00,0.00,none,0,1.91,0.00,-1,0.00,0.00
47,Tau,J04202583+2819237,IRAS_04173+2812,8.19,0.42,GaiaDR2,121.6,S,-1,M4,1,0.0,-1,0.00,0.00,0.00,none,225.4,1,-1.00,-1.00,2.00,Andrews13,0.0,-1,0.00,0.00,0.00,none,-1,0.00,0.00,-1,0.00,0.00
48,Tau,J04202606+2804089,J04202606,7.84,0.05,GaiaDR2,127.2,S,-1,M3.5,1,0.0,-1,0.00,0.00,0.00,none,225.4,1,-1.00,-1.00,4.30,Andrews13,0.0,-1,0.00,0.00,0.00,none,-1,0.00,0.00,-1,0.00,0.00
49,Tau,J04210795+2702204,J04210795,5.92,0.65,avg,169.5,S,-1,M5.25,1,0.0,-1,0.00,0.00,0.00,none,225.4,1,-1.00,-1.00,2.70,Andrews13,0.0,-1,0.00,0.00,0.00,none,-1,0.00,0.00,-1,0.00,0.00
50,Tau,J04210934+2750368,J04210934,8.45,0.10,GaiaDR2,118.1,S,-1,M5.25,1,0.0,-1,0.00,0.00,0.00,none,225.4,1,-1.00,-1.00,1.75,Andrews13,0.0,-1,0.00,0.00,0.00,none,-1,0.00,0.00,-1,0.00,0.00
51,Tau,J04213459+2701388,J04213459,5.99,0.14,GaiaDR2,165.9,S,-1,M5.5,1,338.7,1,-1.00,-1.00,0.29,Ward-Duong18,225.4,1,-1.00,-1.00,3.00,Andrews13,0.0,-1,0.00,0.00,0.00,none,-1,0.00,0.00,-1,0.00,0.00
52,Tau,J04214323+1934133,IRAS_04187+1927,6.72,0.10,GaiaDR2,148.1,S,-1,M0,1,0.0,-1,0.00,0.00,0.00,none,239.9,0,3.70,0.21,0.00,Akeson19,0.0,-1,0.00,0.00,0.00,none,-1,0.00,0.00,-1,0.00,0.00
53,Tau,J04214631+2659296,J04214631,6.23,0.28,GaiaDR2,159.5,S,-1,M5.75,1,0.0,-1,0.00,0.00,0.00,none,225.4,1,-1.00,-1.00,3.90,Andrews13,0.0,-1,0.00,0.00,0.00,none,-1,0.00,0.00,-1,0.00,0.00
54,Tau,J04215563+2755060,DE_Tau,7.85,0.07,GaiaDR2,126.9,S,-1,M1,1,345.0,0,90.00,7.00,0.00,Andrews05,220.0,0,29.50,0.20,0.00,Pietu14,92.6,0,3.32,0.25,0.00,Ricci10,0,2.48,0.00,0,2.52,0.00
55,Tau,J04215740+2826355,RY_Tau,7.08,1.31,avg,140.1,S,-1,K1,1,345.0,0,560.00,30.00,0.00,Mannings94,225.5,0,210.39,0.10,0.00,Long18,111.0,0,36.00,3.00,0.00,Isella10,0,2.30,0.00,0,2.49,0.00
56,Tau,J04215943+1932063,T_Tau_N,6.93,0.06,GaiaDR2,143.8,T,0.68,K0,1,345.0,0,628.00,17.00,0.00,Andrews05,230.6,0,199.70,6.20,0.00,Guilloteau11,111.0,0,48.80,1.00,0.00,Guilloteau11,0,2.84,0.00,0,1.93,0.00
57,Tau,J04220217+2657304,FS_Tau_AB,6.26,1.06,avg,160.3,J,0.227,M0,2,345.0,0,49.00,6.00,0.00,Andrews05,239.9,0,2.27,0.18,0.00,Akeson19,111.0,0,3.60,1.30,0.00,Dutrey96,0,8.46,0.00,0,-0.60,0.00
58,Tau,J04220217+2657304,FS_Tau_A,6.26,1.06,avg,157.6,B,0,M0,2,0.0,-1,0.00,0.00,0.00,none,239.9,0,2.27,0.18,0.00,Akeson19,0.0,-1,0.00,0.00,0.00,none,-1,0.00,0.00,-1,0.00,0.00
59,Tau,J04220217+2657304,FS_Tau_B,6.26,1.06,avg,159.4,B,0,M3.5,2,0.0,-1,0.00,0.00,0.00,none,239.9,1,-1.00,-1.00,0.52,Akeson19,0.0,-1,0.00,0.00,0.00,none,-1,0.00,0.00,-1,0.00,0.00
60,Tau,J04221675+2654570,J04221675,6.35,0.14,GaiaDR2,156.8,S,-1,M1.5,1,0.0,-1,0.00,0.00,0.00,none,225.4,1,-1.00,-1.00,4.20,Andrews13,0.0,-1,0.00,0.00,0.00,none,-1,0.00,0.00,-1,0.00,0.00
61,Tau,J04224786+2645530,IRAS_04196+2638,6.34,0.11,GaiaDR2,157.1,S,-1,M1,1,0.0,-1,0.00,0.00,0.00,none,225.4,0,51.00,1.20,0.00,Andrews13,0.0,-1,0.00,0.00,0.00,none,-1,0.00,0.00,-1,0.00,0.00
62,Tau,J04230607+2801194,J04230607,7.47,0.14,GaiaDR2,133.6,S,-1,M6,1,338.7,0,5.94,0.24,0.00,Ward-Duong18,225.4,0,5.10,1.10,0.00,Andrews13,0.0,-1,0.00,0.00,0.00,none,0,0.37,0.00,-1,0.00,0.00
63,Tau,J04230776+2805573,IRAS_04200+2759,7.19,0.17,GaiaDR2,138.7,S,-1,M2,4,0.0,-1,0.00,0.00,0.00,none,225.4,0,36.60,1.30,0.00,Andrews13,0.0,-1,0.00,0.00,0.00,none,-1,0.00,0.00,-1,0.00,0.00
64,Tau,J04231822+2641156,J04231822,6.86,0.93,GaiaDR2,145.6,S,-1,M3.5,1,0.0,-1,0.00,0.00,0.00,none,225.4,1,-1.00,-1.00,3.90,Andrews13,0.0,-1,0.00,0.00,0.00,none,-1,0.00,0.00,-1,0.00,0.00
65,Tau,J04233539+2503026,FU_Tau_AB,7.60,0.15,GaiaDR2,131.2,J,5.7,M7.25,1,0.0,-1,0.00,0.00,0.00,none,225.4,1,-1.00,-1.00,1.70,Andrews13,0.0,-1,0.00,0.00,0.00,none,-1,0.00,0.00,-1,0.00,0.00
66,Tau,J04233539+2503026,FU_Tau_A,7.60,0.15,GaiaDR2,130.9,B,0,M7.25,1,0.0,-1,0.00,0.00,0.00,none,225.4,1,-1.00,-1.00,1.70,Andrews13,0.0,-1,0.00,0.00,0.00,none,-1,0.00,0.00,-1,0.00,0.00
67,Tau,J04233573+2502596,FU_Tau_B,7.49,1.29,GaiaDR2,132.4,B,0,M9.25,1,0.0,-1,0.00,0.00,0.00,none,225.4,1,-1.00,-1.00,1.70,Andrews13,0.0,-1,0.00,0.00,0.00,none,-1,0.00,0.00,-1,0.00,0.00
68,Tau,J04233919+2456141,FT_Tau,7.82,0.05,GaiaDR2,127.4,S,-1,C,1,340.7,0,111.00,2.00,0.00,Andrews07,225.5,0,89.77,0.10,0.00,Long18,111.0,0,18.80,0.80,0.00,Guilloteau11,0,0.51,0.00,0,2.21,0.00
69,Tau,J04242090+2630511,J04242090,7.27,0.18,GaiaDR2,136.8,S,-1,M6.5,1,0.0,-1,0.00,0.00,0.00,none,225.4,1,-1.00,-1.00,1.40,Andrews13,0.0,-1,0.00,0.00,0.00,none,-1,0.00,0.00,-1,0.00,0.00
70,Tau,J04242646+2649503,J04242646,6.43,0.13,GaiaDR2,154.9,S,-1,M5.75,1,0.0,-1,0.00,0.00,0.00,none,225.4,1,-1.00,-1.00,3.00,Andrews13,0.0,-1,0.00,0.00,0.00,none,-1,0.00,0.00,-1,0.00,0.00
71,Tau,J04244457+2610141,IRAS_04216+2603,6.27,0.11,GaiaDR2,159.0,S,-1,M0.5,1,0.0,-1,0.00,0.00,0.00,none,230.6,1,-1.00,-1.00,19.80,Schaefer09,111.0,1,-1.00,-1.00,5.10,Schaefer09,-1,0.00,0.00,-1,0.00,0.00
72,Tau,J04245708+2711565,IP_Tau,7.66,0.04,GaiaDR2,129.9,S,-1,M0,1,340.3,0,30.00,0.20,0.00,Tripathi17,225.5,0,14.53,0.08,0.00,Long18,88.2,1,-1.00,-1.00,2.10,Duvert00,0,1.76,0.00,1,-1.00,2.06
73,Tau,J04262939+2624137,KPNO_3,6.42,0.23,GaiaDR2,154.8,S,-1,M6,1,338.7,0,5.40,0.13,0.00,Ward-Duong18,225.4,0,5.80,1.20,0.00,Andrews13,0.0,-1,0.00,0.00,0.00,none,0,-0.18,0.00,-1,0.00,0.00
74,Tau,J04263055+2443558,J04263055,8.41,0.68,GaiaDR2,118.5,S,-1,M8.75,1,0.0,-1,0.00,0.00,0.00,none,239.9,1,-1.00,-1.00,0.30,Akeson19,0.0,-1,0.00,0.00,0.00,none,-1,0.00,0.00,-1,0.00,0.00
75,Tau,J04265352+2606543,FV_Tau_AB,7.16,0.15,avg,139.2,J,0.72,K5,2,340.2,0,25.86,0.56,0.00,Akeson14,223.6,0,12.10,0.18,0.00,Akeson14,111.0,1,-1.00,-1.00,6.00,Dutrey96,0,1.81,0.00,1,-1.00,1.00
76,Tau,J04265352+2606543,FV_Tau_A,7.16,0.15,avg,139.2,B,0,K5,2,340.2,0,13.76,0.52,0.00,Akeson14,223.6,0,6.17,0.16,0.00,Akeson14,0.0,-1,0.00,0.00,0.00,none,0,1.91,0.00,-1,0.00,0.00
77,Tau,J04265352+2606543,FV_Tau_B,7.16,0.15,avg,139.1,B,0,K6,5,340.2,0,12.10,0.56,0.00,Akeson14,223.6,0,5.93,0.18,0.00,Akeson14,0.0,-1,0.00,0.00,0.00,none,0,1.70,0.00,-1,0.00,0.00
78,Tau,J04265440+2606510,FV_Tau/c_AB,7.15,0.14,GaiaDR2,139.4,J,0.74,M2.5,2,340.2,0,2.28,0.40,0.00,Akeson14,223.6,0,1.16,0.17,0.00,Akeson14,111.0,1,-1.00,-1.00,6.00,Dutrey96,0,1.61,0.00,1,-1.00,-2.35
79,Tau,J04265440+2606510,FV_Tau/c_A,7.15,0.14,GaiaDR2,138.9,B,0,M2.5,2,340.2,0,1.38,0.40,0.00,Akeson14,223.6,0,0.76,0.17,0.00,Akeson14,0.0,-1,0.00,0.00,0.00,none,0,1.42,0.00,-1,0.00,0.00
80,Tau,J04265440+2606510,FV_Tau/c_B,7.15,0.14,GaiaDR2,139.6,B,0,M3.5,2,340.2,0,0.90,0.40,0.00,Akeson14,223.6,0,0.40,0.12,0.00,Akeson14,0.0,-1,0.00,0.00,0.00,none,0,1.93,0.00,-1,0.00,0.00
81,Tau,J04265732+2606284,KPNO_13,7.50,0.13,GaiaDR2,132.6,S,-1,M5,1,0.0,-1,0.00,0.00,0.00,none,225.4,1,-1.00,-1.00,3.60,Andrews13,0.0,-1,0.00,0.00,0.00,none,-1,0.00,0.00,-1,0.00,0.00
82,Tau,J04270280+2542223,DF_Tau,8.04,0.42,GaiaDR2,124.0,CB,0.073,M2,2,345.0,0,8.80,1.90,0.00,Andrews05,239.8,1,-1.00,-1.00,25.00,Osterloh95,0.0,-1,0.00,0.00,0.00,none,1,-1.00,-2.87,-1,0.00,0.00
83,Tau,J04270469+2606163,DG_Tau,8.25,0.15,GaiaDR2,120.8,S,-1,K6,1,343.0,0,880.20,9.40,0.00,Bacciotti18,228.1,0,367.00,14.00,0.00,Isella10,106.2,0,58.00,6.00,0.00,Isella10,0,2.14,0.00,0,2.41,0.00
84,Tau,J04284263+2714039,J04284263_AB,7.53,0.14,GaiaDR2,132.4,J,0.63,M5.25,1,338.7,0,0.53,0.14,0.00,Ward-Duong18,225.4,1,-1.00,-1.00,3.00,Cieza12,0.0,-1,0.00,0.00,0.00,none,1,-1.00,-4.26,-1,0.00,0.00
85,Tau,J04284263+2714039,J04284263_A,7.53,0.14,GaiaDR2,132.2,B,0,M5.25,1,338.7,0,0.53,0.14,0.00,Ward-Duong18,225.4,1,-1.00,-1.00,3.00,Cieza12,0.0,-1,0.00,0.00,0.00,none,1,-1.00,-4.26,-1,0.00,0.00
86,Tau,J04284263+2714039,J04284263_B,7.53,0.14,GaiaDR2,132.6,B,0,M5.25,1,338.7,1,-1.00,-1.00,0.42,Ward-Duong18,225.4,1,-1.00,-1.00,3.00,Cieza12,0.0,-1,0.00,0.00,0.00,none,-1,0.00,0.00,-1,0.00,0.00
87,Tau,J04290068+2755033,J04290068,6.87,0.35,GaiaDR2,144.9,S,-1,M8.25,1,0.0,-1,0.00,0.00,0.00,none,225.4,1,-1.00,-1.00,1.60,Andrews13,0.0,-1,0.00,0.00,0.00,none,-1,0.00,0.00,-1,0.00,0.00
88,Tau,J04290498+2649073,IRAS_04260+2642,7.35,0.84,avg,135.2,S,-1,K5.5,1,0.0,-1,0.00,0.00,0.00,none,239.8,0,120.00,10.00,0.00,Motte01,0.0,-1,0.00,0.00,0.00,none,-1,0.00,0.00,-1,0.00,0.00
89,Tau,J04292165+2701259,IRAS_04263+2654,6.71,1.01,avg,147.5,S,-1,M5.25,1,338.7,0,7.35,0.19,0.00,Ward-Duong18,225.4,1,-1.00,-1.00,3.50,Andrews13,0.0,-1,0.00,0.00,0.00,none,1,-1.00,1.82,-1,0.00,0.00
90,Tau,J04293606+2435556,XEST_13-010,7.73,0.09,GaiaDR2,129.0,S,-1,M3,1,0.0,-1,0.00,0.00,0.00,none,225.4,0,15.20,1.20,0.00,Andrews13,0.0,-1,0.00,0.00,0.00,none,-1,0.00,0.00,-1,0.00,0.00
91,Tau,J04294155+2632582,DH_Tau_AB,7.39,0.07,GaiaDR2,135.0,J,2.34,M1,1,340.8,0,47.00,4.00,0.00,Harris12,230.5,0,30.80,0.20,0.00,Wolff17,111.0,0,7.20,1.60,0.00,Dutrey96,0,1.08,0.00,0,1.99,0.00
92,Tau,J04294155+2632582,DH_Tau_A,7.39,0.07,GaiaDR2,134.8,B,0,M1,1,340.8,0,47.00,4.00,0.00,Harris12,230.5,0,30.80,0.20,0.00,Wolff17,111.0,0,7.20,1.60,0.00,Dutrey96,0,1.08,0.00,0,1.99,0.00
93,Tau,J04294155+2632582,DH_Tau_B,7.39,0.07,GaiaDR2,134.8,B,0,M7.5,6,340.8,1,-1.00,-1.00,10.00,Harris12,230.5,1,-1.00,-1.00,0.20,Wolff17,111.0,1,-1.00,-1.00,4.80,Dutrey96,-1,0.00,0.00,-1,0.00,0.00
94,Tau,J04295156+2606448,IQ_Tau,7.62,0.06,GaiaDR2,130.5,S,-1,M0.5,1,340.2,0,163.00,4.00,0.00,Tripathi17,225.5,0,64.11,0.34,0.00,Long18,111.0,0,12.50,1.70,0.00,Schaefer09,0,2.27,0.00,0,2.31,0.00
95,Tau,J04295950+2433078,J04295950,7.63,0.15,GaiaDR2,130.8,S,-1,M5,1,0.0,-1,0.00,0.00,0.00,none,239.9,0,2.90,0.17,0.00,Akeson19,0.0,-1,0.00,0.00,0.00,none,-1,0.00,0.00,-1,0.00,0.00
96,Tau,J04300399+1813493,UX_Tau_AB,7.15,0.10,GaiaDR2,139.5,J,5.86,K2,7,340.2,0,147.00,1.00,0.00,Tripathi17,239.9,0,79.00,3.95,0.00,Akeson19,0.0,-1,0.00,0.00,0.00,none,0,1.78,0.00,-1,0.00,0.00
97,Tau,J04300357+1813494,UX_Tau_Bab,7.30,0.07,GaiaDR2,136.4,J,0.14,M2,7,340.2,1,-1.00,-1.00,4.50,Andrews11,239.9,1,-1.00,-1.00,0.36,Akeson19,0.0,-1,0.00,0.00,0.00,none,-1,0.00,0.00,-1,0.00,0.00
98,Tau,J04300399+1813493,UX_Tau_AC,7.15,0.10,GaiaDR2,139.5,J,2.69,K2,7,340.2,0,147.00,1.00,0.00,Tripathi17,239.9,0,79.00,3.95,0.00,Akeson19,0.0,-1,0.00,0.00,0.00,none,0,1.78,0.00,-1,0.00,0.00
99,Tau,J04300357+1813494,UX_Tau_BC,7.30,0.07,GaiaDR2,136.2,J,6.45,K2,7,340.2,1,-1.00,-1.00,4.50,Andrews11,239.9,1,-1.00,-1.00,0.36,Akeson19,0.0,-1,0.00,0.00,0.00,none,-1,0.00,0.00,-1,0.00,0.00
100,Tau,J04300399+1813493,UX_Tau_A,7.15,0.10,GaiaDR2,139.5,Q,0,K2,7,340.2,0,147.00,1.00,0.00,Tripathi17,239.9,0,79.00,3.95,0.00,Akeson19,0.0,-1,0.00,0.00,0.00,none,0,1.78,0.00,-1,0.00,0.00
101,Tau,J04300357+1813494,UX_Tau_Ba,7.30,0.07,GaiaDR2,136.5,Q,0,M2,1,340.2,1,-1.00,-1.00,4.50,Andrews11,239.9,1,-1.00,-1.00,0.36,Akeson19,0.0,-1,0.00,0.00,0.00,none,-1,0.00,0.00,-1,0.00,0.00
102,Tau,J04300357+1813494,UX_Tau_Bb,7.30,0.07,GaiaDR2,136.5,Q,0,M3,1,340.2,1,-1.00,-1.00,4.50,Andrews11,239.9,1,-1.00,-1.00,0.36,Akeson19,0.0,-1,0.00,0.00,0.00,none,-1,0.00,0.00,-1,0.00,0.00
103,Tau,J04300399+1813493,UX_Tau_C,6.85,0.10,GaiaDR2,145.3,Q,0,M2.75,1,340.2,1,-1.00,-1.00,4.50,Andrews11,0.0,-1,0.00,0.00,0.00,none,0.0,-1,0.00,0.00,0.00,none,-1,0.00,0.00,-1,0.00,0.00
104,Tau,J04300724+2608207,KPNO_6,8.62,0.53,GaiaDR2,115.8,S,-1,M8.5,1,0.0,-1,0.00,0.00,0.00,none,225.4,1,-1.00,-1.00,2.40,Andrews13,0.0,-1,0.00,0.00,0.00,none,-1,0.00,0.00,-1,0.00,0.00
105,Tau,J04302961+2426450,FX_Tau_AB,5.87,0.54,avg,170.0,J,0.89,M1,8,340.2,0,15.65,0.54,0.00,Akeson14,239.9,0,7.84,0.53,0.00,Akeson19,0.0,-1,0.00,0.00,0.00,none,0,1.98,0.00,-1,0.00,0.00
106,Tau,J04302961+2426450,FX_Tau_A,5.87,0.54,avg,168.3,B,0,M1,8,340.2,0,15.65,0.54,0.00,Akeson14,239.9,0,7.84,0.53,0.00,Akeson19,0.0,-1,0.00,0.00,0.00,none,0,1.98,0.00,-1,0.00,0.00
107,Tau,J04302961+2426450,FX_Tau_B,5.87,0.54,avg,171.1,B,0,M4,8,340.2,1,-1.00,-1.00,1.47,Akeson14,239.9,1,-1.00,-1.00,0.36,Akeson19,0.0,-1,0.00,0.00,0.00,none,-1,0.00,0.00,-1,0.00,0.00
108,Tau,J04304425+2601244,DK_Tau_AB,7.78,0.06,GaiaDR2,128.0,J,2.36,K8,8,340.2,0,73.06,0.47,0.00,Akeson14,223.6,0,33.18,0.19,0.00,Akeson14,84.2,0,4.70,0.20,0.00,Ricci10,0,1.88,0.00,0,2.00,0.00
109,Tau,J04304425+2601244,DK_Tau_A,7.78,0.06,GaiaDR2,128.0,B,0,K8,8,340.2,0,67.25,0.47,0.00,Akeson14,223.6,0,30.30,0.18,0.00,Akeson14,0.0,-1,0.00,0.00,0.00,none,0,1.90,0.00,-1,0.00,0.00
110,Tau,J04304425+2601244,DK_Tau_B,7.19,0.14,GaiaDR2,138.8,B,0,M1,8,340.2,0,5.81,0.45,0.00,Akeson14,223.6,0,2.88,0.19,0.00,Akeson14,0.0,-1,0.00,0.00,0.00,none,0,1.67,0.00,-1,0.00,0.00
111,Tau,J04305137+2442222,ZZ_Tau,7.45,0.28,GaiaDR2,134.2,CB,0.042,M3,1,345.0,1,-1.00,-1.00,8.00,Andrews05,239.9,0,0.59,0.11,0.00,Akeson19,0.0,-1,0.00,0.00,0.00,none,2,-1.00,7.18,-1,0.00,0.00
112,Tau,J04305171+2441475,ZZ_Tau_IRS,9.51,0.66,GaiaDR2,104.6,S,-1,M5,1,0.0,-1,0.00,0.00,0.00,none,225.4,0,105.80,1.50,0.00,Andrews13,0.0,-1,0.00,0.00,0.00,none,-1,0.00,0.00,-1,0.00,0.00
113,Tau,J04305718+2556394,KPNO_7,8.14,0.46,GaiaDR2,121.8,S,-1,M8.25,1,0.0,-1,0.00,0.00,0.00,none,225.4,1,-1.00,-1.00,2.60,Scholz06,0.0,-1,0.00,0.00,0.00,none,-1,0.00,0.00,-1,0.00,0.00
114,Tau,J04311444+2710179,JH_56,7.84,0.04,GaiaDR2,127.0,S,-1,M0.5,1,345.0,1,-1.00,-1.00,8.00,Andrews05,239.8,1,-1.00,-1.00,19.00,Osterloh95,0.0,-1,0.00,0.00,0.00,none,-1,0.00,0.00,-1,0.00,0.00
115,Tau,J04313843+1813576,HL_Tau,7.27,0.91,avg,138.0,S,-1,C,1,343.5,0,2140.80,3.70,0.00,ALMA15,233.0,0,744.10,1.50,0.00,ALMA15,101.9,0,74.30,0.40,0.00,ALMA15,0,2.72,0.00,0,2.79,0.00
116,Tau,J04314007+1813571,XZ_Tau_AB,7.23,0.91,avg,137.3,J,0.3,M2,2,0.0,-1,0.00,0.00,0.00,none,239.9,0,16.20,0.49,0.00,Akeson19,101.9,0,4.54,0.08,0.00,ALMA15,-1,0.00,0.00,0,1.49,0.00
117,Tau,J04314007+1813571,XZ_Tau_A,7.23,0.91,avg,136.9,B,0,M2,2,0.0,-1,0.00,0.00,0.00,none,239.9,0,7.30,0.42,0.00,Akeson19,101.9,0,2.71,0.08,0.00,ALMA15,-1,0.00,0.00,0,1.16,0.00
118,Tau,J04314007+1813571,XZ_Tau_B,7.23,0.91,avg,138.3,B,0,M3.5,2,0.0,-1,0.00,0.00,0.00,none,239.9,0,8.90,0.49,0.00,Akeson19,101.9,0,1.83,0.08,0.00,ALMA15,-1,0.00,0.00,0,1.85,0.00
119,Tau,J04315056+2424180,HK_Tau_AB,7.50,0.09,GaiaDR2,132.8,J,2.35,M0.5,1,340.2,0,130.10,1.80,0.00,Akeson14,223.6,0,49.80,0.24,0.00,Akeson14,0.0,-1,0.00,0.00,0.00,none,0,2.29,0.00,-1,0.00,0.00
120,Tau,J04315056+2424180,HK_Tau_A,7.50,0.09,GaiaDR2,133.0,B,0,M0.5,1,340.2,0,73.60,1.30,0.00,Akeson14,223.6,0,33.80,0.20,0.00,Akeson14,0.0,-1,0.00,0.00,0.00,none,0,1.85,0.00,-1,0.00,0.00
121,Tau,J04315056+2424180,HK_Tau_B,7.50,0.09,GaiaDR2,132.8,B,0,M2,1,340.2,0,56.50,1.80,0.00,Akeson14,223.6,0,16.00,0.24,0.00,Akeson14,0.0,-1,0.00,0.00,0.00,none,0,3.01,0.00,-1,0.00,0.00
122,Tau,J04315779+1821350,V710_Tau_AB,6.90,0.06,GaiaDR2,144.3,J,3.17,M0.5,1,340.2,0,143.50,0.79,0.00,Akeson14,223.6,0,66.00,3.31,0.00,Akeson14,0.0,-1,0.00,0.00,0.00,none,0,1.85,0.00,-1,0.00,0.00
123,Tau,J04315779+1821350,V710_Tau_A,6.90,0.06,GaiaDR2,144.5,B,0,M0.5,1,340.2,0,143.50,0.79,0.00,Akeson14,223.6,0,66.00,3.31,0.00,Akeson14,0.0,-1,0.00,0.00,0.00,none,0,1.85,0.00,-1,0.00,0.00
124,Tau,J04315779+1821350,V710_Tau_B,7.00,0.11,GaiaDR2,142.5,B,0,M3.25,,340.2,1,-1.00,-1.00,1.47,Akeson14,223.6,1,-1.00,-1.00,0.61,Akeson14,0.0,-1,0.00,0.00,0.00,none,-1,0.00,0.00,-1,0.00,0.00
125,Tau,J04315779+1821380,LkHa_267,6.90,0.06,GaiaDR2,144.5,S,-1,M3,9,340.8,1,-1.00,-1.00,22.00,Harris12,239.9,1,-1.00,-1.00,0.30,Akeson19,0.0,-1,0.00,0.00,0.00,none,-1,0.00,0.00,-1,0.00,0.00
126,Tau,J04321540+2428597,Haro_6-13,7.67,0.19,GaiaDR2,130.1,S,-1,M0,1,337.1,0,441.00,50.00,0.00,Tripathi17,230.5,0,105.20,1.50,0.00,Schaefer09,111.0,0,29.50,0.60,0.00,Schaefer09,0,3.77,0.00,0,1.74,0.00
127,Tau,J04321606+1812464,MHO_5,6.91,0.10,GaiaDR2,144.1,S,-1,M6,1,0.0,-1,0.00,0.00,0.00,none,239.9,1,-1.00,-1.00,0.31,Akeson19,111.0,1,-1.00,-1.00,7.80,Schaefer09,-1,0.00,0.00,-1,0.00,0.00
128,Tau,J04322210+1827426,MHO_6,7.05,0.10,GaiaDR2,141.3,S,-1,M4.75,1,338.7,0,55.65,0.54,0.00,Ward-Duong18,225.4,0,13.50,2.00,0.00,Andrews13,0.0,-1,0.00,0.00,0.00,none,0,3.48,0.00,-1,0.00,0.00
129,Tau,J04322415+2251083,J04322415,6.44,0.12,GaiaDR2,155.1,S,-1,M4.5,1,0.0,-1,0.00,0.00,0.00,none,239.9,1,-1.00,-1.00,0.30,Akeson19,0.0,-1,0.00,0.00,0.00,none,-1,0.00,0.00,-1,0.00,0.00
130,Tau,J04323034+1731406,GG_Tau_A,6.66,0.08,avg,149.6,J,0.24,K7,1,337.5,0,1122.38,0.69,0.00,2012.1.00129.S,228.0,0,543.00,21.00,0.00,Andrews14,106.0,0,77.00,4.00,0.00,Andrews14,0,1.85,0.00,0,2.55,0.00
131,Tau,J04323034+1731406,GG_Tau_Aab,6.66,0.08,avg,149.6,CB,0,K7,1,337.5,0,14.48,0.69,0.00,2012.1.00129.S,239.9,0,7.00,0.87,0.00,Akeson19,106.0,0,2.20,0.90,0.00,Andrews14,0,2.13,0.00,0,1.42,0.00
132,Tau,J04323034+1731406,GG_Tau_Ac,6.66,0.08,avg,149.2,HO,0,M0.5,1,337.5,1,-1.00,-1.00,2.10,2012.1.00129.S,239.9,1,-1.00,-1.00,2.40,Akeson19,106.0,1,-1.00,-1.00,1.50,Andrews14,-1,0.00,0.00,-1,0.00,0.00
133,Tau,J04323028+1731303,GG_Tau_B,6.66,0.08,avg,149.7,J,1.48,M5.5,1,337.5,1,-1.00,-1.00,2.10,2012.1.00129.S,239.9,1,-1.00,-1.00,2.40,Akeson19,106.0,1,-1.00,-1.00,1.70,Andrews14,-1,0.00,0.00,-1,0.00,0.00
134,Tau,J04323028+1731303,GG_Tau_Ba,6.66,0.10,GaiaDR2,149.3,HO,0,M5.5,1,337.5,1,-1.00,-1.00,2.10,2012.1.00129.S,239.9,1,-1.00,-1.00,2.40,Akeson19,106.0,1,-1.00,-1.00,1.70,Andrews14,-1,0.00,0.00,-1,0.00,0.00
135,Tau,J04322986+1731291,GG_Tau_Bb,6.66,0.08,avg,149.7,HO,0,M7.5,1,337.5,1,-1.00,-1.00,2.10,2012.1.00129.S,239.9,1,-1.00,-1.00,2.40,Akeson19,106.0,1,-1.00,-1.00,1.70,Andrews14,-1,0.00,0.00,-1,0.00,0.00
136,Tau,J04323034+1731406,GG_Tau_AB,6.66,0.08,avg,149.7,J,10.38,K7,1,345.0,0,1255.00,57.00,0.00,Andrews05,239.9,0,543.00,21.00,0.00,Akeson19,106.0,0,77.00,4.00,0.00,Andrews14,0,2.31,0.00,0,2.39,0.00
137,Tau,J04323058+2419572,FY_Tau,7.68,0.07,GaiaDR2,129.5,S,-1,K5,1,340.2,0,23.00,1.50,0.00,Tripathi17,239.8,0,16.00,5.00,0.00,Beckwith91,100.8,0,1.90,0.28,0.00,Ricci10,0,1.04,0.00,0,2.46,0.00
138,Tau,J04323176+2420029,FZ_Tau,7.69,0.07,GaiaDR2,129.6,S,-1,M0,1,345.0,0,29.00,7.00,0.00,Andrews05,220.0,0,14.70,0.10,0.00,Pietu14,100.8,0,2.89,0.24,0.00,Ricci10,0,1.51,0.00,0,2.08,0.00
139,Tau,J04324282+2552314,UZ_Tau_W,7.62,0.09,GaiaDR2,131.0,J,0.37,M2,2,340.8,0,79.00,9.00,0.00,Tripathi18,225.0,0,30.00,3.00,0.00,Tripathi18,105.0,0,8.50,1.00,0.00,Tripathi18,0,2.33,0.00,0,1.65,0.00
140,Tau,J04324282+2552314,UZ_Tau_Wa,7.62,0.09,GaiaDR2,131.0,Q,0,M2,2,340.8,0,23.00,9.00,0.00,Tripathi18,225.0,0,16.00,0.40,0.00,Tripathi18,0.0,-1,0.00,0.00,0.00,none,0,0.87,0.00,-1,0.00,0.00
141,Tau,J04324282+2552314,UZ_Tau_Wb,7.62,0.09,GaiaDR2,130.7,Q,0,M3,2,340.8,0,56.00,9.00,0.00,Tripathi18,225.0,0,14.00,0.40,0.00,Tripathi18,0.0,-1,0.00,0.00,0.00,none,0,3.34,0.00,-1,0.00,0.00
142,Tau,J04324303+2552311,UZ_Tau_E,7.62,0.09,GaiaDR2,130.7,CB,0.0009,M1,11,340.8,0,368.00,7.00,0.00,Tripathi18,225.0,0,139.00,11.00,0.00,Tripathi18,105.0,0,23.50,2.50,0.00,Tripathi18,0,2.34,0.00,0,2.33,0.00
143,Tau,J04324303+2552311,UZ_Tau_EW,7.62,0.09,GaiaDR2,130.7,J,3.56,M1,11,340.8,0,447.00,9.00,0.00,Tripathi18,225.0,0,169.00,11.00,0.00,Tripathi18,105.0,0,32.00,2.50,0.00,Tripathi18,0,2.34,0.00,0,2.18,0.00
144,Tau,J04324911+2253027,JH_112_A,6.08,0.08,GaiaDR2,164.1,J,1.65,K6,1,340.2,0,16.60,0.61,0.00,Akeson14,223.6,0,6.59,0.24,0.00,Akeson14,0.0,-1,0.00,0.00,0.00,none,0,2.20,0.00,-1,0.00,0.00
145,Tau,J04324911+2253027,JH_112_Aa,6.08,0.08,GaiaDR2,163.7,Q,0,K6,1,340.2,0,8.85,0.49,0.00,Akeson14,223.6,0,3.53,0.23,0.00,Akeson14,0.0,-1,0.00,0.00,0.00,none,0,2.19,0.00,-1,0.00,0.00
146,Tau,J04324911+2253027,JH_112_Ab,6.08,0.08,GaiaDR2,163.4,Q,0,M4.5,1,340.2,0,7.75,0.61,0.00,Akeson14,223.6,0,3.06,0.24,0.00,Akeson14,0.0,-1,0.00,0.00,0.00,none,0,2.21,0.00,-1,0.00,0.00
147,Tau,J04324911+2253027,JH_112_B,6.08,0.08,GaiaDR2,163.9,J,0.5,M8.5,1,340.2,0,6.63,1.90,0.00,Akeson14,223.6,0,2.55,0.24,0.00,Akeson14,0.0,-1,0.00,0.00,0.00,none,0,2.28,0.00,-1,0.00,0.00
148,Tau,J04324911+2253027,JH_112_Ba,6.08,0.08,GaiaDR2,163.7,Q,0,M8.5,1,340.2,0,3.10,1.90,0.00,Akeson14,223.6,0,0.25,0.08,0.00,Akeson14,0.0,-1,0.00,0.00,0.00,none,0,6.00,0.00,-1,0.00,0.00
149,Tau,J04324911+2253027,JH_112_Bb,6.08,0.08,GaiaDR2,163.8,Q,0,M8.5,1,340.2,0,3.53,0.60,0.00,Akeson14,223.6,0,2.30,0.24,0.00,Akeson14,0.0,-1,0.00,0.00,0.00,none,0,1.02,0.00,-1,0.00,0.00
150,Tau,J04324911+2253027,JH_112_AB,6.08,0.08,GaiaDR2,163.7,J,6.56,M8.5,1,340.2,0,23.23,1.90,0.00,Akeson14,223.6,0,9.14,0.24,0.00,Akeson14,0.0,-1,0.00,0.00,0.00,none,0,2.22,0.00,-1,0.00,0.00
151,Tau,J04324938+2253082,J04324938,6.06,0.27,GaiaDR2,164.5,S,-1,M4.25,1,340.8,1,-1.00,-1.00,6.00,Harris12,0.0,-1,0.00,0.00,0.00,none,0.0,-1,0.00,0.00,0.00,none,-1,0.00,0.00,-1,0.00,0.00
152,Tau,J04330622+2409339,GH_Tau_AB,7.16,0.81,avg,139.4,J,0.31,M2,2,345.0,0,15.00,3.00,0.00,Andrews05,239.9,0,6.80,0.22,0.00,Akeson19,111.0,1,-1.00,-1.00,11.00,Dutrey96,0,2.18,0.00,1,-1.00,-0.62
153,Tau,J04330622+2409339,GH_Tau_A,7.16,0.81,avg,138.3,B,0,M2,2,0.0,-1,0.00,0.00,0.00,none,239.9,0,3.90,0.22,0.00,Akeson19,0.0,-1,0.00,0.00,0.00,none,-1,0.00,0.00,-1,0.00,0.00
154,Tau,J04330622+2409339,GH_Tau_B,7.16,0.81,avg,138.6,B,0,M2,2,0.0,-1,0.00,0.00,0.00,none,239.9,0,2.90,0.18,0.00,Akeson19,0.0,-1,0.00,0.00,0.00,none,-1,0.00,0.00,-1,0.00,0.00
155,Tau,J04330664+2409549,V807_Tau_AB,8.83,0.66,GaiaDR2,113.4,J,0.28,K7,12,345.0,0,20.00,3.00,0.00,Andrews05,239.9,0,8.90,0.46,0.00,Akeson19,111.0,1,-1.00,-1.00,6.00,Dutrey96,0,2.23,0.00,1,-1.00,0.51
156,Tau,J04330664+2409549,V807_Tau_A,8.83,0.66,GaiaDR2,112.9,T,0,K7,12,345.0,0,20.00,3.00,0.00,Andrews05,239.9,0,8.90,0.46,0.00,Akeson19,0.0,-1,0.00,0.00,0.00,none,0,2.23,0.00,-1,0.00,0.00
157,Tau,J04330664+2409549,V807_Tau_Bab,8.83,0.66,GaiaDR2,112.9,CB,0.037,M2,1,345.0,1,-1.00,-1.00,9.00,Andrews05,239.9,1,-1.00,-1.00,0.33,Akeson19,0.0,-1,0.00,0.00,0.00,none,-1,0.00,0.00,-1,0.00,0.00
158,Tau,J04330945+2246487,J04330945,6.71,0.42,GaiaDR2,147.8,S,-1,M6,1,0.0,-1,0.00,0.00,0.00,none,239.9,1,-1.00,-1.00,0.28,Akeson19,0.0,-1,0.00,0.00,0.00,none,-1,0.00,0.00,-1,0.00,0.00
159,Tau,J04331435+2614235,IRAS_04301+2608,6.23,0.95,avg,159.3,S,-1,M0,1,345.0,0,18.00,6.00,0.00,Andrews05,0.0,-1,0.00,0.00,0.00,none,0.0,-1,0.00,0.00,0.00,none,-1,0.00,0.00,-1,0.00,0.00
160,Tau,J04331907+2246342,IRAS_04303+2240,6.77,0.28,GaiaDR2,147.0,S,-1,M0.5,1,0.0,-1,0.00,0.00,0.00,none,225.4,1,-1.00,-1.00,6.00,Andrews13,0.0,-1,0.00,0.00,0.00,none,-1,0.00,0.00,-1,0.00,0.00
161,Tau,J04333278+1800436,J04333278,6.79,0.06,GaiaDR2,146.5,S,-1,M1,1,0.0,-1,0.00,0.00,0.00,none,225.4,0,11.00,1.90,0.00,Andrews13,0.0,-1,0.00,0.00,0.00,none,-1,0.00,0.00,-1,0.00,0.00
162,Tau,J04333405+2421170,GI_Tau,7.66,0.05,GaiaDR2,130.1,S,-1,K7,1,0.0,-1,0.00,0.00,0.00,none,225.4,0,12.00,1.00,0.00,Harris12,0.0,-1,0.00,0.00,0.00,none,-1,0.00,0.00,-1,0.00,0.00
163,Tau,J04333456+2421058,GK_Tau,7.74,0.04,GaiaDR2,128.8,S,-1,K7,1,340.2,0,14.72,0.60,0.00,Akeson14,223.6,0,5.20,0.22,0.00,Akeson14,100.8,1,-1.00,-1.00,1.00,Ricci10,0,2.48,0.00,1,-1.00,2.07
164,Tau,J04333678+2609492,IS_Tau_AB,7.50,0.28,GaiaDR2,132.8,J,0.22,M0,2,345.0,0,30.00,3.00,0.00,Andrews05,239.9,0,2.20,0.16,0.00,Akeson19,111.0,1,-1.00,-1.00,9.00,Dutrey96,0,7.19,0.00,1,-1.00,-1.83
165,Tau,J04333678+2609492,IS_Tau_A,7.50,0.28,GaiaDR2,133.0,B,0,M0,2,0.0,-1,0.00,0.00,0.00,none,239.9,0,1.15,0.16,0.00,Akeson19,0.0,-1,0.00,0.00,0.00,none,-1,0.00,0.00,-1,0.00,0.00
166,Tau,J04333678+2609492,IS_Tau_B,7.50,0.28,GaiaDR2,133.0,B,0,M3.5,2,0.0,-1,0.00,0.00,0.00,none,239.9,0,1.05,0.16,0.00,Akeson19,0.0,-1,0.00,0.00,0.00,none,-1,0.00,0.00,-1,0.00,0.00
167,Tau,J04333905+2227207,J04333905,6.31,0.71,avg,156.1,S,-1,M1.75,1,339.7,0,76.00,2.50,0.00,Tripathi17,225.4,0,31.00,2.00,0.00,Andrews13,0.0,-1,0.00,0.00,0.00,none,0,2.19,0.00,-1,0.00,0.00
168,Tau,J04333906+2520382,DL_Tau,6.28,0.05,GaiaDR2,158.6,S,-1,K7,1,345.0,0,440.00,40.00,0.00,Mannings94,225.5,0,170.72,0.37,0.00,Long18,111.0,0,27.30,1.00,0.00,Guilloteau11,0,2.23,0.00,0,2.59,0.00
169,Tau,J04333935+1751523,HN_Tau_AB,7.32,0.16,GaiaDR2,135.7,J,3.14,K5,13,340.2,0,34.32,0.60,0.00,Akeson14,239.9,0,16.24,0.79,0.00,Akeson19,0.0,-1,0.00,0.00,0.00,none,0,2.14,0.00,-1,0.00,0.00
170,Tau,J04333935+1751523,HN_Tau_A,7.32,0.16,GaiaDR2,136.0,B,0,K5,13,340.2,0,34.32,0.60,0.00,Akeson14,239.9,0,15.70,0.79,0.00,Akeson19,0.0,-1,0.00,0.00,0.00,none,0,2.24,0.00,-1,0.00,0.00
171,Tau,J04333935+1751523,HN_Tau_B,6.69,0.13,GaiaDR2,149.0,B,0,M4,13,340.2,1,-1.00,-1.00,1.41,Akeson14,239.9,0,0.54,0.10,0.00,Akeson19,0.0,-1,0.00,0.00,0.00,none,2,-1.00,2.75,-1,0.00,0.00
172,Tau,J04334171+1750402,J04334171,6.83,0.07,GaiaDR2,145.9,S,-1,M4,1,0.0,-1,0.00,0.00,0.00,none,225.4,0,6.00,2.00,0.00,Andrews13,0.0,-1,0.00,0.00,0.00,none,-1,0.00,0.00,-1,0.00,0.00
173,Tau,J04334465+2615005,J04334465,5.77,0.19,GaiaDR2,172.3,S,-1,M4.75,1,338.7,0,40.25,0.37,0.00,Ward-Duong18,225.4,0,18.30,1.70,0.00,Andrews13,0.0,-1,0.00,0.00,0.00,none,0,1.94,0.00,-1,0.00,0.00
174,Tau,J04334871+1810099,DM_Tau,6.89,0.05,GaiaDR2,144.2,S,-1,M1,1,329.0,0,191.00,0.19,0.00,Zhang16,225.4,0,116.75,0.14,0.00,Kudo18,111.0,0,15.60,0.40,0.00,Guilloteau11,0,1.30,0.00,0,2.84,0.00
175,Tau,J04335200+2250301,CI_Tau,6.30,0.05,GaiaDR2,157.7,S,-1,K7,1,337.2,0,440.00,50.00,0.00,Tripathi17,225.5,0,142.40,0.20,0.00,Long18,111.0,0,19.00,0.80,0.00,Guilloteau11,0,2.80,0.00,0,2.84,0.00
176,Tau,J04335470+2613275,IT_Tau_AB,6.17,0.08,GaiaDR2,161.1,J,2.41,K3,8,340.2,0,24.61,0.56,0.00,Akeson14,223.6,0,11.17,0.27,0.00,Akeson14,0.0,-1,0.00,0.00,0.00,none,0,1.88,0.00,-1,0.00,0.00
177,Tau,J04335470+2613275,IT_Tau_A,6.17,0.08,GaiaDR2,161.3,B,0,K3,8,340.2,0,15.82,0.56,0.00,Akeson14,223.6,0,7.00,0.24,0.00,Akeson14,0.0,-1,0.00,0.00,0.00,none,0,1.94,0.00,-1,0.00,0.00
178,Tau,J04335470+2613275,IT_Tau_B,5.43,0.15,GaiaDR2,182.9,B,0,M4,8,340.2,0,8.79,0.52,0.00,Akeson14,223.6,0,4.17,0.27,0.00,Akeson14,0.0,-1,0.00,0.00,0.00,none,0,1.78,0.00,-1,0.00,0.00
179,Tau,J04345542+2428531,AA_Tau,7.29,0.13,GaiaDR2,136.2,S,-1,K7,1,340.8,0,115.00,3.00,0.00,Andrews07,218.0,0,73.00,2.00,0.00,Oberg10,111.0,0,13.20,1.80,0.00,Dutrey96,0,1.02,0.00,0,2.53,0.00
180,Tau,J04352020+2232146,HO_Tau,6.20,0.05,GaiaDR2,160.5,S,-1,M0.5,1,340.2,0,36.50,1.10,0.00,Akeson14,223.6,0,16.20,0.20,0.00,Akeson14,87.0,0,2.30,0.53,0.00,Ricci10,0,1.94,0.00,0,2.07,0.00
181,Tau,J04352737+2414589,DN_Tau,7.80,0.05,GaiaDR2,127.7,S,-1,M0,1,340.0,0,179.00,5.00,0.00,Tripathi17,225.5,0,88.61,0.20,0.00,Long18,111.0,0,18.20,1.80,0.00,Schaefer09,0,1.71,0.00,0,2.23,0.00
182,Tau,J04354093+2411087,CoKu_Tau/3_AB,7.99,0.15,GaiaDR2,124.9,J,2.1,M0.5,1,340.2,0,17.61,0.56,0.00,Akeson14,223.6,0,7.63,0.30,0.00,Akeson14,0.0,-1,0.00,0.00,0.00,none,0,1.99,0.00,-1,0.00,0.00
183,Tau,J04354093+2411087,CoKu_Tau/3_A,7.99,0.15,GaiaDR2,124.6,B,0,M0.5,1,340.2,0,3.32,0.55,0.00,Akeson14,223.6,0,1.84,0.30,0.00,Akeson14,0.0,-1,0.00,0.00,0.00,none,0,1.41,0.00,-1,0.00,0.00
184,Tau,J04354093+2411087,CoKu_Tau/3_B,8.26,0.26,GaiaDR2,120.9,B,0,M4.25,1,340.2,0,14.29,0.56,0.00,Akeson14,223.6,0,5.79,0.29,0.00,Akeson14,0.0,-1,0.00,0.00,0.00,none,0,2.15,0.00,-1,0.00,0.00
185,Tau,J04354733+2250216,HQ_Tau,6.30,0.21,GaiaDR2,157.6,S,-1,K2,1,340.8,0,11.00,3.00,0.00,Andrews05,239.0,1,-1.00,-1.00,45.00,Beckwith90,0.0,-1,0.00,0.00,0.00,none,1,-1.00,-3.97,-1,0.00,0.00
186,Tau,J04355277+2254231,HP_Tau,5.64,0.11,GaiaDR2,176.5,S,-1,K3,1,340.2,0,106.00,1.50,0.00,Tripathi17,225.4,0,48.00,2.00,0.00,Harris12,88.2,0,9.40,1.00,0.00,Duvert00,0,1.92,0.00,0,1.74,0.00
187,Tau,J04355684+2254360,Haro_6-28_AB,6.08,0.23,avg,164.1,J,0.65,M2,2,345.0,0,11.00,3.00,0.00,Andrews05,239.9,0,5.88,0.29,0.00,Akeson19,87.0,0,0.92,0.18,0.00,Ricci10,0,1.72,0.00,0,1.83,0.00
188,Tau,J04355684+2254360,Haro_6-28_A,6.08,0.23,avg,163.8,B,0,M2,2,0.0,-1,0.00,0.00,0.00,none,239.9,0,5.10,0.29,0.00,Akeson19,0.0,-1,0.00,0.00,0.00,none,-1,0.00,0.00,-1,0.00,0.00
189,Tau,J04355684+2254360,Haro_6-28_B,6.08,0.23,avg,164.0,B,0,M3.5,2,0.0,-1,0.00,0.00,0.00,none,239.9,0,0.78,0.15,0.00,Akeson19,0.0,-1,0.00,0.00,0.00,none,-1,0.00,0.00,-1,0.00,0.00
190,Tau,J04361030+2159364,J04361030,8.46,0.59,GaiaDR2,117.5,S,-1,M8.5,1,0.0,-1,0.00,0.00,0.00,none,239.9,1,-1.00,-1.00,0.31,Akeson19,0.0,-1,0.00,0.00,0.00,none,-1,0.00,0.00,-1,0.00,0.00
191,Tau,J04362151+2351165,J04362151,8.66,0.13,GaiaDR2,115.1,S,-1,M5.25,1,0.0,-1,0.00,0.00,0.00,none,239.9,0,1.45,0.12,0.00,Akeson19,0.0,-1,0.00,0.00,0.00,none,-1,0.00,0.00,-1,0.00,0.00
192,Tau,J04375670+2546229,ITG_1,1.12,0.12,GaiaDR2,871.1,S,-1,C,1,0.0,-1,0.00,0.00,0.00,none,225.4,1,-1.00,-1.00,2.30,Andrews13,0.0,-1,0.00,0.00,0.00,none,-1,0.00,0.00,-1,0.00,0.00
193,Tau,J04381486+2611399,J04381486,6.88,0.69,GaiaDR2,144.9,S,-1,M7.25,1,338.7,0,1.36,0.11,0.00,Ward-Duong18,230.6,0,2.29,0.75,0.00,Scholz06,0.0,-1,0.00,0.00,0.00,none,0,-1.36,0.00,-1,0.00,0.00
194,Tau,J04382134+2609137,GM_Tau,7.23,0.15,GaiaDR2,137.8,S,-1,M6.5,1,338.7,0,2.80,0.12,0.00,Ward-Duong18,230.5,1,-1.00,-1.00,4.80,Schaefer09,111.0,1,-1.00,-1.00,2.40,Schaefer09,1,-1.00,-1.40,-1,0.00,0.00
195,Tau,J04382858+2610494,DO_Tau,7.17,0.05,GaiaDR2,138.9,S,-1,M0,1,337.1,0,250.00,0.01,0.00,Tripathi17,229.0,0,125.40,3.50,0.00,Kwon15,113.0,0,30.80,1.30,0.00,Kwon15,0,1.78,0.00,0,1.99,0.00
196,Tau,J04385328+2610386,HV_Tau_ABC,7.46,0.12,GaiaDR2,133.8,J,3.98,K6,1,345.0,0,98.00,3.00,0.00,Harris12,239.0,0,40.00,6.00,0.00,Beckwith90,108.5,0,7.10,0.90,0.00,Duchene10,0,2.44,0.00,0,2.19,0.00
197,Tau,J04385328+2610386,HV_Tau_AB,7.46,0.12,GaiaDR2,133.2,CB,0.036,K6,1,340.8,1,-1.00,-1.00,7.00,Harris12,0.0,-1,0.00,0.00,0.00,none,108.5,1,-1.00,-1.00,2.70,Duchene10,-1,0.00,0.00,-1,0.00,0.00
198,Tau,J04385328+2610386,HV_Tau_C,7.46,0.12,GaiaDR2,133.7,T,0,K6,1,340.8,0,98.00,3.00,0.00,Harris12,0.0,-1,0.00,0.00,0.00,none,108.5,0,7.10,0.90,0.00,Duchene10,-1,0.00,0.00,-1,0.00,0.00
199,Tau,J04385859+2336351,J04385859,7.89,0.12,GaiaDR2,126.4,S,-1,M4.25,1,338.7,0,30.00,0.30,0.00,Ward-Duong18,225.4,0,13.20,1.80,0.00,Andrews13,0.0,-1,0.00,0.00,0.00,none,0,2.02,0.00,-1,0.00,0.00
200,Tau,J04390163+2336029,J04390163,7.82,0.08,GaiaDR2,127.5,S,-1,M6,1,338.7,0,1.30,0.16,0.00,Ward-Duong18,225.4,1,-1.00,-1.00,6.60,Andrews13,0.0,-1,0.00,0.00,0.00,none,1,-1.00,-3.99,-1,0.00,0.00
201,Tau,J04390396+2544264,J04390396,6.95,0.21,GaiaDR2,143.8,S,-1,M7.25,1,338.7,0,2.46,0.13,0.00,Ward-Duong18,230.6,0,2.86,0.76,0.00,Scholz06,0.0,-1,0.00,0.00,0.00,none,0,-0.39,0.00,-1,0.00,0.00
202,Tau,J04391741+2247533,VY_Tau_AB,6.57,0.12,GaiaDR2,151.5,J,0.66,M1.5,1,345.0,1,-1.00,-1.00,10.00,Andrews05,239.9,0,1.90,0.22,0.00,Akeson19,0.0,-1,0.00,0.00,0.00,none,2,-1.00,4.57,-1,0.00,0.00
203,Tau,J04391741+2247533,VY_Tau_A,6.57,0.12,GaiaDR2,151.3,B,0,M1.5,1,0.0,-1,0.00,0.00,0.00,none,239.9,0,1.90,0.22,0.00,Akeson19,0.0,-1,0.00,0.00,0.00,none,-1,0.00,0.00,-1,0.00,0.00
204,Tau,J04391741+2247533,VY_Tau_B,6.57,0.12,GaiaDR2,151.5,B,0,M4.5,1,0.0,-1,0.00,0.00,0.00,none,239.9,1,-1.00,-1.00,0.60,Akeson19,0.0,-1,0.00,0.00,0.00,none,-1,0.00,0.00,-1,0.00,0.00
205,Tau,J04391779+2221034,LkCa_15,6.29,0.05,GaiaDR2,158.1,S,-1,K5,1,340.2,0,396.00,4.50,0.00,Tripathi17,224.7,0,127.00,1.50,0.00,Isella12,111.0,0,17.40,0.60,0.00,Guilloteau11,0,2.74,0.00,0,2.82,0.00
206,Tau,J04392090+2545021,GN_Tau_AB,7.87,0.17,avg,126.2,J,0.34,M2.5,1,345.0,0,12.00,3.00,0.00,Andrews05,239.9,0,1.06,0.12,0.00,Akeson19,0.0,-1,0.00,0.00,0.00,none,0,6.68,0.00,-1,0.00,0.00
207,Tau,J04392090+2545021,GN_Tau_A,7.87,0.17,avg,126.3,B,0,M2.5,1,0.0,-1,0.00,0.00,0.00,none,239.9,0,0.47,0.12,0.00,Akeson19,0.0,-1,0.00,0.00,0.00,none,-1,0.00,0.00,-1,0.00,0.00
208,Tau,J04392090+2545021,GN_Tau_B,7.87,0.17,avg,126.7,B,0,M2.5,1,0.0,-1,0.00,0.00,0.00,none,239.9,0,0.59,0.12,0.00,Akeson19,0.0,-1,0.00,0.00,0.00,none,-1,0.00,0.00,-1,0.00,0.00
209,Tau,J04393364+2359212,J04393364,7.87,0.10,GaiaDR2,126.4,S,-1,M5,1,338.7,0,9.46,0.25,0.00,Ward-Duong18,225.4,1,-1.00,-1.00,5.80,Andrews13,0.0,-1,0.00,0.00,0.00,none,1,-1.00,1.20,-1,0.00,0.00
210,Tau,J04394488+2601527,ITG_15,7.31,0.11,GaiaDR2,136.3,S,-1,M5,1,338.7,0,11.26,0.27,0.00,Ward-Duong18,225.4,1,-1.00,-1.00,6.00,Andrews13,0.0,-1,0.00,0.00,0.00,none,1,-1.00,1.55,-1,0.00,0.00
211,Tau,J04394748+2601407,CFHT_4,6.80,0.24,GaiaDR2,146.1,S,-1,M7,1,338.0,0,4.30,0.20,0.00,Ricci14,230.6,0,2.38,0.75,0.00,Scholz06,93.0,0,0.31,0.02,0.00,Ricci14,0,1.55,0.00,0,2.24,0.00
212,Tau,J04400067+2358211,J04400067,8.30,0.16,GaiaDR2,119.9,S,-1,M6,1,338.7,0,9.74,0.25,0.00,Ward-Duong18,225.4,1,-1.00,-1.00,5.60,Andrews13,0.0,-1,0.00,0.00,0.00,none,1,-1.00,1.36,-1,0.00,0.00
213,Tau,J04400800+2605253,IRAS_04370+2559,7.34,0.44,GaiaDR2,135.5,S,-1,C,1,0.0,-1,0.00,0.00,0.00,none,225.4,0,51.70,0.80,0.00,Andrews13,0.0,-1,0.00,0.00,0.00,none,-1,0.00,0.00,-1,0.00,0.00
214,Tau,J04403979+2519061,J04403979,6.57,0.48,GaiaDR2,151.5,S,-1,M5.25,1,0.0,-1,0.00,0.00,0.00,none,229.5,1,-1.00,-1.00,0.43,Hardy15,0.0,-1,0.00,0.00,0.00,none,-1,0.00,0.00,-1,0.00,0.00
215,Tau,J04404950+2551191,JH_223_AB,7.15,0.06,GaiaDR2,139.5,J,2.1,M2,1,345.0,1,-1.00,-1.00,7.00,Andrews05,239.9,0,2.46,0.14,0.00,Akeson19,0.0,-1,0.00,0.00,0.00,none,2,-1.00,2.88,-1,0.00,0.00
216,Tau,J04404950+2551191,JH_223_A,7.15,0.06,GaiaDR2,139.6,B,0,M2,1,0.0,-1,0.00,0.00,0.00,none,239.9,0,1.70,0.14,0.00,Akeson19,0.0,-1,0.00,0.00,0.00,none,-1,0.00,0.00,-1,0.00,0.00
217,Tau,J04404950+2551191,JH_223_B,7.11,0.13,GaiaDR2,140.2,B,0,M6,1,0.0,-1,0.00,0.00,0.00,none,239.9,0,0.76,0.13,0.00,Akeson19,0.0,-1,0.00,0.00,0.00,none,-1,0.00,0.00,-1,0.00,0.00
218,Tau,J04410826+2556074,ITG_33A,7.10,0.21,GaiaDR2,140.0,S,-1,M3,1,0.0,-1,0.00,0.00,0.00,none,239.9,0,4.10,0.23,0.00,Akeson19,0.0,-1,0.00,0.00,0.00,none,-1,0.00,0.00,-1,0.00,0.00
219,Tau,J04411078+2555116,ITG_34,6.38,0.25,GaiaDR2,156.6,S,-1,M5.5,1,0.0,-1,0.00,0.00,0.00,none,239.9,0,0.70,0.12,0.00,Akeson19,0.0,-1,0.00,0.00,0.00,none,-1,0.00,0.00,-1,0.00,0.00
220,Tau,J04411681+2840000,CoKu_Tau/4,5.86,0.25,GaiaDR2,169.4,CB,?,M1.5,1,345.0,0,9.00,2.90,0.00,Andrews05,0.0,-1,0.00,0.00,0.00,none,0.0,-1,0.00,0.00,0.00,none,-1,0.00,0.00,-1,0.00,0.00
221,Tau,J04412464+2543530,ITG_40,7.02,1.04,avg,142.4,S,-1,M3.5,1,0.0,-1,0.00,0.00,0.00,none,239.9,0,1.00,0.12,0.00,Akeson19,0.0,-1,0.00,0.00,0.00,none,-1,0.00,0.00,-1,0.00,0.00
222,Tau,J04413882+2556267,IRAS_04385+2550,6.26,0.38,GaiaDR2,159.1,S,-1,M0,1,0.0,-1,0.00,0.00,0.00,none,230.6,0,34.20,3.10,0.00,Guilloteau11,111.0,0,8.00,1.00,0.00,Guilloteau11,-1,0.00,0.00,0,1.99,0.00
223,Tau,J04414489+2301513,J04414489,8.30,0.38,GaiaDR2,120.7,S,-1,M8.5,1,0.0,-1,0.00,0.00,0.00,none,239.9,1,-1.00,-1.00,0.38,Akeson19,0.0,-1,0.00,0.00,0.00,none,-1,0.00,0.00,-1,0.00,0.00
224,Tau,J04414825+2534304,J04414825,7.34,0.20,GaiaDR2,135.2,S,-1,M7.75,1,338.7,0,3.41,0.14,0.00,Ward-Duong18,230.6,0,2.64,0.64,0.00,Scholz06,0.0,-1,0.00,0.00,0.00,none,0,0.67,0.00,-1,0.00,0.00
225,Tau,J04420777+2523118,V955_Tau_AB,6.25,0.48,GaiaDR2,158.8,J,0.32,K7,2,345.0,0,14.00,2.00,0.00,Andrews05,239.9,0,3.06,0.17,0.00,Akeson19,111.0,1,-1.00,-1.00,6.00,Dutrey96,0,4.19,0.00,1,-1.00,-0.87
226,Tau,J04420777+2523118,V955_Tau_A,6.25,0.48,GaiaDR2,160.0,B,0,K7,2,0.0,-1,0.00,0.00,0.00,none,239.9,0,2.20,0.17,0.00,Akeson19,0.0,-1,0.00,0.00,0.00,none,-1,0.00,0.00,-1,0.00,0.00
227,Tau,J04420777+2523118,V955_Tau_B,6.25,0.48,GaiaDR2,159.3,B,0,M2.5,2,0.0,-1,0.00,0.00,0.00,none,239.9,0,0.86,0.14,0.00,Akeson19,0.0,-1,0.00,0.00,0.00,none,-1,0.00,0.00,-1,0.00,0.00
228,Tau,J04422101+2520343,CIDA_7,7.34,0.12,GaiaDR2,136.0,S,-1,M4.75,1,345.0,0,38.00,8.00,0.00,Andrews05,230.6,1,-1.00,-1.00,18.60,Schaefer09,111.0,1,-1.00,-1.00,4.80,Schaefer09,1,-1.00,1.77,-1,0.00,0.00
229,Tau,J04423769+2515374,DP_Tau_AB,7.05,0.65,avg,140.8,J,0.11,M0.5,1,345.0,1,-1.00,-1.00,10.00,Andrews05,239.9,0,3.60,0.23,0.00,Akeson19,84.2,1,-1.00,-1.00,0.80,Ricci10,2,-1.00,2.81,1,-1.00,1.44
230,Tau,J04423769+2515374,DP_Tau_A,7.05,0.65,avg,141.2,B,0,M0.5,1,0.0,-1,0.00,0.00,0.00,none,239.9,0,2.10,0.23,0.00,Akeson19,0.0,-1,0.00,0.00,0.00,none,-1,0.00,0.00,-1,0.00,0.00
231,Tau,J04423769+2515374,DP_Tau_B,7.05,0.65,avg,141.2,B,0,M2,1,0.0,-1,0.00,0.00,0.00,none,239.9,0,1.50,0.21,0.00,Akeson19,0.0,-1,0.00,0.00,0.00,none,-1,0.00,0.00,-1,0.00,0.00
232,Tau,J04430309+2520187,GO_Tau,6.92,0.05,GaiaDR2,144.0,S,-1,M2,1,340.2,0,179.00,14.00,0.00,Tripathi17,225.5,0,54.76,0.33,0.00,Long18,111.0,0,8.20,0.60,0.00,Schaefer09,0,2.88,0.00,0,2.68,0.00
233,Tau,J04432023+2940060,CIDA_14,5.84,0.12,GaiaDR2,170.4,S,-1,M5,1,0.0,-1,0.00,0.00,0.00,none,239.9,1,-1.00,-1.00,0.38,Akeson19,111.0,1,-1.00,-1.00,2.10,Schaefer09,-1,0.00,0.00,-1,0.00,0.00
234,Tau,J04442713+2512164,IRAS_04414+2506,7.09,0.14,GaiaDR2,140.2,S,-1,M7.25,1,338.0,0,9.00,0.20,0.00,Ricci14,225.4,0,5.20,0.30,0.00,Ricci13,93.0,0,0.87,0.03,0.00,Ricci14,0,1.35,0.00,0,2.02,0.00
235,Tau,J04455134+1555367,IRAS_04429+1550,6.76,0.06,GaiaDR2,147.6,S,-1,M2.5,1,0.0,-1,0.00,0.00,0.00,none,225.4,0,51.00,2.00,0.00,Andrews13,0.0,-1,0.00,0.00,0.00,none,-1,0.00,0.00,-1,0.00,0.00
236,Tau,J04465305+1700001,DQ_Tau,5.06,0.05,GaiaDR2,195.8,CB,0.0004,M0,1,345.0,0,208.00,8.00,0.00,Andrews05,232.0,0,79.00,0.07,0.00,Czekala16,111.0,0,9.60,0.80,0.00,Guilloteau11,0,2.44,0.00,0,2.86,0.00
237,Tau,J04465897+1702381,Haro_6-37_AB,5.86,0.19,GaiaDR2,169.9,J,0.33,K7,1,340.8,1,-1.00,-1.00,15.00,Harris12,239.9,0,2.10,0.34,0.00,Akeson19,0.0,-1,0.00,0.00,0.00,none,2,-1.00,5.60,-1,0.00,0.00
238,Tau,J04465897+1702381,Haro_6-37_ABC,5.03,0.07,GaiaDR2,197.4,J,2.62,K7,1,340.8,0,218.00,6.00,0.00,Harris12,239.9,0,40.60,1.95,0.00,Akeson19,0.0,-1,0.00,0.00,0.00,none,0,4.79,0.00,-1,0.00,0.00
239,Tau,J04465897+1702381,Haro_6-37_A,5.86,0.19,GaiaDR2,170.2,T,0,K7,1,340.8,1,-1.00,-1.00,15.00,Harris12,239.9,0,2.10,0.34,0.00,Akeson19,0.0,-1,0.00,0.00,0.00,none,2,-1.00,5.60,-1,0.00,0.00
240,Tau,J04465897+1702381,Haro_6-37_B,5.86,0.19,GaiaDR2,169.2,T,0,M4,?,340.8,1,-1.00,-1.00,15.00,Harris12,239.9,1,-1.00,-1.00,0.96,Akeson19,0.0,-1,0.00,0.00,0.00,none,-1,0.00,0.00,-1,0.00,0.00
241,Tau,J04465897+1702381,Haro_6-37_C,5.03,0.07,GaiaDR2,197.9,T,0,M1,1,340.8,0,218.00,6.00,0.00,Harris12,239.9,0,38.50,1.95,0.00,Akeson19,0.0,-1,0.00,0.00,0.00,none,0,4.94,0.00,-1,0.00,0.00
242,Tau,J04470620+1658428,DR_Tau,5.11,0.06,GaiaDR2,194.7,S,-1,K5,1,345.0,0,533.00,7.00,0.00,Andrews05,230.6,0,109.00,11.00,0.00,Isella09,100.8,0,13.90,0.47,0.00,Ricci10,0,3.94,0.00,0,2.49,0.00
243,Tau,J04474859+2925112,DS_Tau,6.29,0.04,GaiaDR2,158.4,S,-1,K5,1,342.0,0,41.30,1.80,0.00,Akeson14,225.5,0,22.24,0.11,0.00,Long18,100.8,0,2.96,0.21,0.00,Ricci10,0,1.49,0.00,0,2.50,0.00
244,Tau,J04514737+3047134,UY_Aur_AB,6.43,0.06,GaiaDR2,155.0,J,0.88,M0,2,340.2,0,66.67,0.72,0.00,Akeson14,223.6,0,28.70,0.25,0.00,Akeson14,88.2,0,7.10,0.10,0.00,Tang14,0,2.01,0.00,0,1.50,0.00
245,Tau,J04514737+3047134,UY_Aur_A,6.43,0.06,GaiaDR2,155.0,B,0,M0,2,340.2,0,48.40,0.66,0.00,Akeson14,223.6,0,20.83,0.23,0.00,Akeson14,88.2,0,5.40,0.10,0.00,Tang14,0,2.01,0.00,0,1.45,0.00
246,Tau,J04514737+3047134,UY_Aur_B,6.43,0.06,GaiaDR2,154.8,B,0,M2.5,2,340.2,0,18.27,0.72,0.00,Akeson14,223.6,0,7.87,0.25,0.00,Akeson14,88.2,0,1.70,0.10,0.00,Tang14,0,2.01,0.00,0,1.65,0.00
247,Tau,J04542368+1709534,St_34_ABC,7.01,0.06,GaiaDR2,142.1,J,1.18,M3,15,345.0,1,-1.00,-1.00,11.00,Andrews05,239.0,1,-1.00,-1.00,15.00,Osterloh95,0.0,-1,0.00,0.00,0.00,none,-1,0.00,0.00,-1,0.00,0.00
248,Tau,J04542368+1709534,St_34_AB,7.01,0.06,GaiaDR2,142.4,CB,0.01,M3,15,345.0,1,-1.00,-1.00,11.00,Andrews05,239.0,1,-1.00,-1.00,15.00,Osterloh95,0.0,-1,0.00,0.00,0.00,none,-1,0.00,0.00,-1,0.00,0.00
249,Tau,J04542368+1709534,St_34_C,7.01,0.06,GaiaDR2,142.1,T,0,M5.5,16,345.0,1,-1.00,-1.00,11.00,Andrews05,239.0,1,-1.00,-1.00,15.00,Osterloh95,0.0,-1,0.00,0.00,0.00,none,-1,0.00,0.00,-1,0.00,0.00
250,Tau,J04551098+3021595,GM_Aur,6.26,0.08,GaiaDR2,158.8,S,-1,K3,7,342.3,0,632.00,11.00,0.00,Tripathi17,230.6,0,175.80,5.30,0.00,Guilloteau11,111.0,0,23.70,0.80,0.00,Guilloteau11,0,3.24,0.00,0,2.74,0.00
251,Tau,J04554535+3019389,J04554535,6.46,0.10,GaiaDR2,153.6,S,-1,M4.75,1,0.0,-1,0.00,0.00,0.00,none,239.9,1,-1.00,-1.00,0.39,Akeson19,0.0,-1,0.00,0.00,0.00,none,-1,0.00,0.00,-1,0.00,0.00
252,Tau,J04554582+3033043,AB_Aur,6.14,0.06,GaiaDR2,162.1,S,-1,A0.5,17,345.0,0,350.00,20.00,0.00,Sandell11,214.1,0,85.00,5.00,0.00,Pietu05,102.5,0,10.00,0.90,0.00,Ricci12,0,2.97,0.00,0,2.91,0.00
253,Tau,J04554801+3028050,J04554801,6.07,0.18,GaiaDR2,164.2,S,-1,M5.5,1,340.8,1,-1.00,-1.00,23.00,Harris12,239.9,1,-1.00,-1.00,0.35,Akeson19,0.0,-1,0.00,0.00,0.00,none,-1,0.00,0.00,-1,0.00,0.00
254,Tau,J04554969+3019400,J04554969,6.39,0.19,GaiaDR2,155.4,S,-1,M6,1,0.0,-1,0.00,0.00,0.00,none,239.9,1,-1.00,-1.00,0.35,Akeson19,0.0,-1,0.00,0.00,0.00,none,-1,0.00,0.00,-1,0.00,0.00
255,Tau,J04555605+3036209,XEST_26-062,6.29,0.34,avg,157.6,S,-1,M4,1,338.7,0,1.00,0.10,0.00,Ward-Duong18,225.4,0,9.10,1.50,0.00,Andrews13,0.0,-1,0.00,0.00,0.00,none,0,-5.42,0.00,-1,0.00,0.00
256,Tau,J04555938+3034015,SU_Aur,6.31,0.06,GaiaDR2,157.9,S,-1,G8,18,341.8,0,52.00,1.50,0.00,Tripathi17,0.0,-1,0.00,0.00,0.00,none,84.5,0,2.88,0.19,0.00,Ricci10,-1,0.00,0.00,-1,0.00,0.00
257,Tau,J04560118+3026348,XEST_26-071,6.30,0.37,GaiaDR2,158.2,S,-1,M3.5,1,0.0,-1,0.00,0.00,0.00,none,239.9,1,-1.00,-1.00,0.35,Akeson19,0.0,-1,0.00,0.00,0.00,none,-1,0.00,0.00,-1,0.00,0.00
258,Tau,J04584626+2950370,MWC_480,6.18,0.08,GaiaDR2,160.8,S,-1,A4.5,19,340.8,0,660.00,3.00,0.00,Hughes08,225.5,0,267.76,0.21,0.00,Long18,111.0,0,35.80,0.50,0.00,Guilloteau11,0,2.18,0.00,0,2.84,0.00
259,Tau,J05030659+2523197,V836_Tau,5.90,0.04,GaiaDR2,168.7,S,-1,K7,1,341.4,0,61.00,2.00,0.00,Tripathi17,220.0,0,28.00,0.70,0.00,Pietu14,102.5,0,6.60,0.50,0.00,Ricci12,0,1.77,0.00,0,1.89,0.00
260,Tau,J05044139+2509544,CIDA_8,5.86,0.08,GaiaDR2,169.8,S,-1,M3.5,1,345.0,0,27.00,3.00,0.00,Andrews05,230.6,0,8.20,1.40,0.00,Schaefer09,111.0,1,-1.00,-1.00,2.10,Schaefer09,0,2.96,0.00,1,-1.00,1.86
261,Tau,J05052286+2531312,CIDA_9_AB,5.82,0.09,GaiaDR2,171.1,J,2.3,K8,1,340.2,0,74.40,2.00,0.00,Akeson14,239.9,0,33.80,1.69,0.00,Akeson19,0.0,-1,0.00,0.00,0.00,none,0,2.26,0.00,-1,0.00,0.00
262,Tau,J05052286+2531312,CIDA_9_A,5.82,0.09,GaiaDR2,171.3,B,0,K8,1,340.2,0,74.40,2.00,0.00,Akeson14,239.9,0,33.80,1.69,0.00,Akeson19,0.0,-1,0.00,0.00,0.00,none,0,2.26,0.00,-1,0.00,0.00
263,Tau,J05052286+2531312,CIDA_9_B,5.59,0.21,GaiaDR2,178.1,B,0,M1.5,?,340.2,1,-1.00,-1.00,0.99,Akeson14,239.9,1,-1.00,-1.00,0.42,Akeson19,0.0,-1,0.00,0.00,0.00,none,-1,0.00,0.00,-1,0.00,0.00
264,Tau,J05062332+2432199,CIDA_11_AB,6.62,0.42,GaiaDR2,149.5,CB,0.097,M3.5,1,345.0,1,-1.00,-1.00,8.00,Andrews05,239.9,1,-1.00,-1.00,0.36,Akeson19,111.0,1,-1.00,-1.00,2.10,Schaefer09,-1,0.00,0.00,-1,0.00,0.00
265,Tau,J05074953+3024050,RW_Aur_AB,6.12,0.07,GaiaDR2,162.7,J,1.42,K2.5,20,338.0,0,97.80,0.31,0.00,Rodriguez18,225.0,0,40.92,0.02,0.00,Rodriguez18,112.5,0,8.80,0.30,0.00,Cabrit06,0,2.14,0.00,0,2.22,0.00
266,Tau,J05074953+3024050,RW_Aur_A,6.12,0.07,GaiaDR2,163.0,B,0,K2.5,20,338.0,0,85.62,0.31,0.00,Rodriguez18,225.0,0,36.31,0.02,0.00,Rodriguez18,112.5,0,8.00,0.30,0.00,Cabrit06,0,2.11,0.00,0,2.18,0.00
267,Tau,J05074953+3024050,RW_Aur_B,6.58,0.90,GaiaDR2,151.3,B,0,K5,8,338.0,0,12.18,0.28,0.00,Rodriguez18,225.0,0,4.61,0.02,0.00,Rodriguez18,112.5,0,0.80,0.30,0.00,Cabrit06,0,2.39,0.00,0,2.53,0.00
268,Tau,J05075496+2500156,CIDA_12,6.07,0.09,GaiaDR2,164.1,S,-1,M4,1,338.7,0,2.88,0.12,0.00,Ward-Duong18,230.6,1,-1.00,-1.00,4.50,Schaefer09,111.0,1,-1.00,-1.00,2.10,Schaefer09,1,-1.00,-1.16,-1,0.00,0.00
269,Tau,J05302753+2519571,MWC_758,6.24,0.07,GaiaDR2,159.7,S,-1,A,1,343.5,0,180.00,0.02,0.00,Dong18,230.6,0,56.00,1.00,0.00,Chapillon08,89.0,0,3.30,0.40,0.00,Chapillon08,0,2.93,0.00,0,2.97,0.00
270,Tau,J05355845+2444542,CQ_Tau,6.13,0.08,GaiaDR2,162.3,S,-1,F,1,339.8,0,444.00,13.00,0.00,Tripathi17,230.6,0,103.00,1.00,0.00,Banzatti11,111.0,0,22.00,0.30,0.00,Banzatti11,0,3.77,0.00,0,2.11,0.00
271,Lup,J15392776-3446171,IK_Lup,6.44,0.05,,154.6,U,-1,?,0,335.0,0,66.30,0.90,0.00,Andrews18,225.7,0,29.94,0.20,0.00,Ansdell18,0.0,-1,0.00,0.00,0.00,none,0,2.01,0.00,-1,0,0
272,Lup,J15392828-3446180,Sz_66,6.36,0.09,,156.2,U,-1,?,0,335.0,0,15.10,3.40,0.00,Andrews18,225.7,0,6.42,0.18,0.00,Ansdell18,0.0,-1,0.00,0.00,0.00,none,0,2.17,0.00,-1,0,0
273,Lup,J15430131-3409153,J15430131,6.47,0.88,,152.9,U,-1,?,0,335.0,1,0.01,0.31,0.94,Ansdell16,225.7,1,-0.24,0.09,0.27,Ansdell18,0.0,-1,0.00,0.00,0.00,none,-1,0.00,0.00,-1,0,0
274,Lup,J15430227-3444059,J15430227,5.85,0.80,,169.0,U,-1,?,0,335.0,1,0.22,0.27,1.03,Ansdell16,225.7,1,0.00,0.09,0.27,Ansdell18,0.0,-1,0.00,0.00,0.00,none,-1,0.00,0.00,-1,0,0
275,Lup,J15445789-3423392,J15445789,6.54,0.14,,152.2,U,-1,?,0,335.0,1,-0.05,0.18,0.54,Ansdell16,225.7,1,0.12,0.09,0.39,Ansdell18,0.0,-1,0.00,0.00,0.00,none,-1,0.00,0.00,-1,0,0
276,Lup,J15450634-3417378,J15450634,6.50,0.44,,153.3,U,-1,?,0,335.0,0,15.10,0.60,0.00,Andrews18,225.7,0,6.18,0.15,0.00,Ansdell18,0.0,-1,0.00,0.00,0.00,none,0,2.26,0.00,-1,0,0
277,Lup,J15450887-3417333,J15450887,6.45,0.20,,153.9,U,-1,?,0,335.0,0,47.70,0.70,0.00,Andrews18,225.7,0,20.70,0.18,0.00,Ansdell18,0.0,-1,0.00,0.00,0.00,none,0,2.11,0.00,-1,0,0
278,Lup,J15451286-3417305,Sz_68,6.49,0.06,,153.1,U,-1,?,0,335.0,0,150.37,0.46,0.00,Ansdell16,225.7,0,66.38,0.20,0.00,Ansdell18,0.0,-1,0.00,0.00,0.00,none,0,2.07,0.00,-1,0,0
279,Lup,J15451741-3418283,HW_Lup,6.47,0.08,,153.9,U,-1,?,0,335.0,0,16.90,0.60,0.00,Andrews18,225.7,0,8.05,0.15,0.00,Ansdell18,0.0,-1,0.00,0.00,0.00,none,0,1.88,0.00,-1,0,0
280,Lup,J15464473-3430354,GW_Lup,6.42,0.06,,155.1,U,-1,?,0,335.0,0,188.20,1.80,0.00,Andrews18,225.7,0,69.15,0.31,0.00,Ansdell18,0.0,-1,0.00,0.00,0.00,none,0,2.54,0.00,-1,0,0
281,Lup,J15475062-3528353,HM_Lup,6.42,0.05,,155.4,U,-1,?,0,335.0,0,14.30,1.20,0.00,Andrews18,225.7,0,5.54,0.11,0.00,Ansdell18,0.0,-1,0.00,0.00,0.00,none,0,2.40,0.00,-1,0,0
282,Lup,J15475693-3514346,Sz_73,6.38,0.05,,156.0,U,-1,?,0,335.0,0,32.90,1.10,0.00,Andrews18,225.7,0,10.84,0.18,0.00,Ansdell18,0.0,-1,0.00,0.00,0.00,none,0,2.81,0.00,-1,0,0
283,Lup,J15480523-3515526,HN_Lup,6.61,0.12,,150.6,U,-1,?,0,335.0,0,20.94,0.27,0.00,Ansdell16,225.7,0,8.20,0.30,0.00,Ansdell18,0.0,-1,0.00,0.00,0.00,none,0,2.37,0.00,-1,0,0
284,Lup,J15491210-3539051,GQ_Lup,6.59,0.05,,151.2,U,-1,?,0,338.2,0,76.00,0.10,0.00,Andrews18,225.7,0,34.10,0.20,0.00,Ansdell18,0.0,-1,0.00,0.00,0.00,none,0,1.98,0.00,-1,0,0
285,Lup,J15493074-3549514,Sz_76,6.27,0.05,,158.5,U,-1,?,0,0.0,-1,0.00,0.00,0.00,none,225.7,0,4.70,0.30,0.00,Ansdell18,0.0,-1,0.00,0.00,0.00,none,-1,0.00,0.00,-1,0,0
286,Lup,J15514695-3556440,Sz_77,6.46,0.05,,153.8,U,-1,?,0,0.0,-1,0.00,0.00,0.00,none,225.7,0,1.90,0.10,0.00,Ansdell18,0.0,-1,0.00,0.00,0.00,none,-1,0.00,0.00,-1,0,0
287,Lup,n/a,Sz_81_A,6.26,0.06,,158.7,U,-1,?,0,335.0,0,9.46,0.18,0.00,Ansdell16,225.7,0,4.24,0.11,0.00,Ansdell18,0.0,-1,0.00,0.00,0.00,none,0,2.03,0.00,-1,0,0
288,Lup,J15560210-3655282,J15560210,6.33,0.04,,157.1,U,-1,?,0,0.0,-1,0.00,0.00,0.00,none,225.7,0,23.50,0.20,0.00,Ansdell18,0.0,-1,0.00,0.00,0.00,none,-1,0.00,0.00,-1,0,0
289,Lup,J15560921-3756057,IM_Lup,6.31,0.05,,157.9,U,-1,?,0,343.0,0,577.80,9.80,0.00,Andrews18,225.7,0,205.00,6.00,0.00,Ansdell18,0.0,-1,0.00,0.00,0.00,none,0,2.48,0.00,-1,0,0
290,Lup,J15564230-3749154,RU_Lup,6.27,0.07,,159.0,U,-1,?,0,335.0,0,435.10,1.30,0.00,Andrews18,225.7,0,166.90,0.34,0.00,Ansdell18,0.0,-1,0.00,0.00,0.00,none,0,2.43,0.00,-1,0,0
291,Lup,J15580252-3736026,Sz_84,6.55,0.10,,152.3,U,-1,?,0,335.0,0,33.30,0.70,0.00,Andrews18,225.7,0,12.63,0.21,0.00,Ansdell18,0.0,-1,0.00,0.00,0.00,none,0,2.45,0.00,-1,0,0
292,Lup,J15591647-4157102,Sz_129,6.19,0.05,,160.7,U,-1,?,0,335.0,0,179.50,1.00,0.00,Andrews18,225.7,0,75.90,0.30,0.00,Ansdell18,0.0,-1,0.00,0.00,0.00,none,0,2.18,0.00,-1,0,0
293,Lup,J15592523-4235066,J15592523,6.79,0.10,,146.7,U,-1,?,0,335.0,1,-0.03,0.19,0.57,Ansdell16,225.7,0,0.54,0.09,0.00,Ansdell18,0.0,-1,0.00,0.00,0.00,none,2,-1.00,0.14,-1,0,0
294,Lup,J15592838-4021513,RY_Lup,6.29,0.07,,157.8,U,-1,?,0,335.0,0,281.60,1.60,0.00,Andrews18,225.7,0,86.11,0.68,0.00,Ansdell18,0.0,-1,0.00,0.00,0.00,none,0,3.00,0.00,-1,0,0
295,Lup,J16000060-4221567,J16000060,6.20,0.08,,160.1,U,-1,?,0,335.0,0,3.80,0.60,0.00,Andrews18,225.7,0,0.97,0.09,0.00,Ansdell18,0.0,-1,0.00,0.00,0.00,none,0,3.46,0.00,-1,0,0
296,Lup,J16000236-4222145,J16000236,6.09,0.08,,163.6,U,-1,?,0,335.0,0,120.60,1.70,0.00,Andrews18,225.7,0,49.96,0.38,0.00,Ansdell18,0.0,-1,0.00,0.00,0.00,none,0,2.23,0.00,-1,0,0
297,Lup,J16002612-4153553,J16002612,6.09,0.10,,163.6,U,-1,?,0,335.0,0,1.20,0.19,0.00,Ansdell16,225.7,0,0.42,0.09,0.00,Ansdell18,0.0,-1,0.00,0.00,0.00,none,0,2.66,0.00,-1,0,0
298,Lup,J16003103-4143369,Sz_130,6.24,0.04,,159.7,U,-1,?,0,335.0,0,5.80,0.70,0.00,Andrews18,225.7,0,1.97,0.18,0.00,Ansdell18,0.0,-1,0.00,0.00,0.00,none,0,2.73,0.00,-1,0,0
299,Lup,J16004452-4155310,MY_Lup,6.39,0.05,,155.9,U,-1,?,0,335.0,0,176.80,1.00,0.00,Andrews18,225.7,0,67.11,0.28,0.00,Ansdell18,0.0,-1,0.00,0.00,0.00,none,0,2.45,0.00,-1,0,0
300,Lup,J16004943-4130038,Sz_131,6.24,0.05,,159.5,U,-1,?,0,335.0,0,9.10,0.60,0.00,Andrews18,225.7,0,3.37,0.14,0.00,Ansdell18,0.0,-1,0.00,0.00,0.00,none,0,2.52,0.00,-1,0,0
301,Lup,J16011549-4152351,J16011549,5.83,0.57,,170.5,U,-1,?,0,335.0,0,94.50,3.10,0.00,Andrews18,225.7,0,21.76,0.28,0.00,Ansdell18,0.0,-1,0.00,0.00,0.00,none,0,3.72,0.00,-1,0,0
302,Lup,J16030548-4018254,EX_Lup,6.34,0.04,,157.0,U,-1,?,0,0.0,-1,0.00,0.00,0.00,none,225.7,0,19.50,0.30,0.00,Ansdell18,0.0,-1,0.00,0.00,0.00,none,-1,0.00,0.00,-1,0,0
303,Lup,J16032939-4140018,Sz_133,6.53,0.57,,153.9,U,-1,?,0,335.0,0,72.00,1.10,0.00,Andrews18,225.7,0,27.02,0.24,0.00,Ansdell18,0.0,-1,0.00,0.00,0.00,none,0,2.48,0.00,-1,0,0
304,Lup,J16070061-3902194,Sz_88_A,6.31,0.05,,157.7,U,-1,?,0,335.0,0,8.94,0.30,0.00,Ansdell16,225.7,0,3.72,0.11,0.00,Ansdell18,0.0,-1,0.00,0.00,0.00,none,0,2.22,0.00,-1,0,0
305,Lup,J16070061-3902194,Sz_88_B,6.29,0.11,,158.6,U,-1,?,0,335.0,1,-0.20,0.19,0.57,Ansdell16,225.7,1,0.12,0.10,0.42,Ansdell18,0.0,-1,0.00,0.00,0.00,none,-1,0.00,0.00,-1,0,0
306,Lup,J16070384-3911113,J16070384,6.30,0.34,,157.7,U,-1,?,0,335.0,0,3.20,2.00,0.00,Andrews18,225.7,0,0.98,0.29,0.00,Ansdell18,0.0,-1,0.00,0.00,0.00,none,0,3.00,0.00,-1,0,0
307,Lup,J16070854-3914075,J16070854,5.69,0.42,,175.1,U,-1,?,0,335.0,0,91.30,1.50,0.00,Andrews18,225.7,0,34.77,0.54,0.00,Ansdell18,0.0,-1,0.00,0.00,0.00,none,0,2.44,0.00,-1,0,0
308,Lup,J16071007-3911033,Sz_90,6.23,0.05,,159.7,U,-1,?,0,335.0,0,23.00,0.60,0.00,Andrews18,225.7,0,8.74,0.16,0.00,Ansdell18,0.0,-1,0.00,0.00,0.00,none,0,2.45,0.00,-1,0,0
309,Lup,J16071159-3903475,Sz_91,6.29,0.07,,158.1,U,-1,?,0,349.0,0,46.10,0.20,0.00,Andrews18,225.7,0,9.52,0.44,0.00,Ansdell18,0.0,-1,0.00,0.00,0.00,none,0,3.62,0.00,-1,0,0
310,Lup,J16073773-3921388,J16073773,5.73,0.16,,173.8,U,-1,?,0,335.0,0,2.90,0.60,0.00,Andrews18,225.7,0,0.55,0.09,0.00,Ansdell18,0.0,-1,0.00,0.00,0.00,none,0,4.21,0.00,-1,0,0
311,Lup,J16075230-3858059,Sz_95,6.32,0.08,,157.5,U,-1,?,0,335.0,0,5.10,0.50,0.00,Andrews18,225.7,0,1.80,0.14,0.00,Ansdell18,0.0,-1,0.00,0.00,0.00,none,0,2.64,0.00,-1,0,0
312,Lup,J16075475-3915446,J16075475,6.36,0.56,,155.4,U,-1,?,0,335.0,0,3.40,2.30,0.00,Andrews18,225.7,0,0.49,0.09,0.00,Ansdell18,0.0,-1,0.00,0.00,0.00,none,0,4.91,0.00,-1,0,0
313,Lup,J16080017-3902595,J16080017,6.25,0.11,,159.7,U,-1,?,0,335.0,0,3.60,0.30,0.00,Andrews18,225.7,0,1.23,0.09,0.00,Ansdell18,0.0,-1,0.00,0.00,0.00,none,0,2.72,0.00,-1,0,0
314,Lup,J16080175-3912316,J16080175,6.52,0.48,,152.4,U,-1,?,0,335.0,1,0.28,0.26,1.06,Ansdell16,225.7,1,-0.04,0.09,0.27,Ansdell18,0.0,-1,0.00,0.00,0.00,none,-1,0.00,0.00,-1,0,0
315,Lup,J16081263-3908334,Sz_96,6.39,0.05,,155.9,U,-1,?,0,335.0,0,4.00,0.50,0.00,Andrews18,225.7,0,1.42,0.09,0.00,Ansdell18,0.0,-1,0.00,0.00,0.00,none,0,2.62,0.00,-1,0,0
316,Lup,J16081497-3857145,J16081497,6.86,0.90,,145.5,U,-1,?,0,335.0,0,9.20,0.70,0.00,Andrews18,225.7,0,3.40,0.15,0.00,Ansdell18,0.0,-1,0.00,0.00,0.00,none,0,2.52,0.00,-1,0,0
317,Lup,J16082180-3904214,Sz_97,6.34,0.07,,157.2,U,-1,?,0,335.0,0,5.60,0.30,0.00,Andrews18,225.7,0,1.97,0.09,0.00,Ansdell18,0.0,-1,0.00,0.00,0.00,none,0,2.65,0.00,-1,0,0
318,Lup,J16082249-3904464,HK_Lup,6.40,0.05,,155.5,U,-1,?,0,335.0,0,256.80,2.30,0.00,Andrews18,225.7,0,103.35,0.63,0.00,Ansdell18,0.0,-1,0.00,0.00,0.00,none,0,2.30,0.00,-1,0,0
319,Lup,J16082404-3905494,Sz_99,6.29,0.09,,158.4,U,-1,?,0,335.0,1,-0.04,0.18,0.00,Ansdell16,225.7,1,-0.23,0.09,0.27,Ansdell18,0.0,-1,0.00,0.00,0.00,none,-1,0.00,0.00,-1,0,0
320,Lup,J16082576-3906011,Sz_100,7.30,0.17,,136.4,U,-1,?,0,335.0,0,54.30,0.60,0.00,Andrews18,225.7,0,21.71,0.29,0.00,Ansdell18,0.0,-1,0.00,0.00,0.00,none,0,2.32,0.00,-1,0,0
321,Lup,n/a,J160828.1-391310,5.71,0.21,,175.0,U,-1,?,0,335.0,1,0.23,0.18,0.77,Ansdell16,225.7,1,0.00,0.09,0.27,Ansdell18,0.0,-1,0.00,0.00,0.00,none,-1,0.00,0.00,-1,0,0
322,Lup,J16082972-3903110,Sz_102,6.30,0.31,,158.5,U,-1,?,0,332.0,0,13.30,0.08,0.00,Louvet16,225.7,0,6.20,0.30,0.08,Ansdell18,0.0,-1,0.00,0.00,0.00,none,0,1.98,0.00,-1,0,0
323,Lup,J16083026-3906111,Sz_103,6.27,0.11,,158.9,U,-1,?,0,335.0,0,12.10,1.20,0.00,Andrews18,225.7,0,4.76,0.13,0.00,Ansdell18,0.0,-1,0.00,0.00,0.00,none,0,2.36,0.00,-1,0,0
324,Lup,J16083070-3828268,J16083070,6.41,0.04,,155.7,U,-1,?,0,335.0,0,139.30,1.10,0.00,Andrews18,225.7,0,38.76,0.32,0.00,Ansdell18,0.0,-1,0.00,0.00,0.00,none,0,3.24,0.00,-1,0,0
325,Lup,J16083081-3905488,Sz_104,6.04,0.09,,164.6,U,-1,?,0,335.0,0,4.00,0.40,0.00,Andrews18,225.7,0,1.07,0.09,0.00,Ansdell18,0.0,-1,0.00,0.00,0.00,none,0,3.34,0.00,-1,0,0
326,Lup,n/a,J160831.1-385600,6.45,0.54,,155.1,U,-1,?,0,335.0,1,0.25,0.26,1.03,Ansdell16,225.7,1,-0.16,0.09,0.27,Ansdell18,0.0,-1,0.00,0.00,0.00,none,-1,0.00,0.00,-1,0,0
327,Lup,J16083427-3906181,V856_Sco,6.21,0.07,,160.0,U,-1,?,0,335.0,0,55.81,0.28,0.00,Ansdell16,225.7,0,23.03,0.11,0.00,Ansdell18,0.0,-1,0.00,0.00,0.00,none,0,2.24,0.00,-1,0,0
328,Lup,J16083617-3923024,V1094_Sco,6.51,0.05,,152.9,U,-1,?,0,328.0,0,390.00,19.00,0.00,vanTerwisga18,225.7,0,180.00,7.00,0.00,Ansdell18,0.0,-1,0.00,0.00,0.00,none,0,2.07,0.00,-1,0,0
329,Lup,J16083976-3906253,Sz_106,6.19,0.06,,161.1,U,-1,?,0,335.0,0,1.99,0.20,0.00,Andrews05,225.7,0,0.71,0.09,0.00,Ansdell18,0.0,-1,0.00,0.00,0.00,none,0,2.61,0.00,-1,0,0
330,Lup,n/a,Sz_108_B,5.92,0.12,,168.4,U,-1,?,0,335.0,0,27.00,0.80,0.00,Andrews18,225.7,0,11.88,0.19,0.00,Ansdell18,0.0,-1,0.00,0.00,0.00,none,0,2.08,0.00,-1,0,0
331,Lup,J16084940-3905393,J16084940,6.28,0.19,,158.2,U,-1,?,0,335.0,0,2.30,0.60,0.00,Andrews18,225.7,0,0.69,0.09,0.00,Ansdell18,0.0,-1,0.00,0.00,0.00,none,0,3.05,0.00,-1,0,0
332,Lup,J16085143-3905304,V1192_Sco,6.63,0.61,,149.4,U,-1,?,0,335.0,0,0.91,0.19,0.00,Ansdell16,225.7,0,0.35,0.09,0.00,Ansdell18,0.0,-1,0.00,0.00,0.00,none,0,2.42,0.00,-1,0,0
333,Lup,J16085157-3903177,Sz_110,6.27,0.05,,158.8,U,-1,?,0,335.0,0,14.80,0.70,0.00,Andrews18,225.7,0,7.37,0.17,0.00,Ansdell18,0.0,-1,0.00,0.00,0.00,none,0,1.77,0.00,-1,0,0
334,Lup,J16085324-3914401,J16085324,5.96,0.10,,167.2,U,-1,?,0,335.0,0,19.10,0.70,0.00,Andrews18,225.7,0,7.98,0.15,0.00,Ansdell18,0.0,-1,0.00,0.00,0.00,none,0,2.21,0.00,-1,0,0
335,Lup,J16085373-3914367,J16085373,6.40,0.83,,155.5,U,-1,?,0,335.0,0,3.20,0.50,0.00,Andrews18,225.7,0,1.04,0.09,0.00,Ansdell18,0.0,-1,0.00,0.00,0.00,none,0,2.85,0.00,-1,0,0
336,Lup,J16085468-3937431,Sz_111,6.32,0.03,,157.5,U,-1,?,0,335.0,0,181.00,1.30,0.00,Andrews18,225.7,0,60.29,0.49,0.00,Ansdell18,0.0,-1,0.00,0.00,0.00,none,0,2.78,0.00,-1,0,0
337,Lup,J16085529-3848481,J16085529,5.96,0.10,,166.6,U,-1,?,0,335.0,0,2.90,0.30,0.00,Andrews18,225.7,0,0.71,0.09,0.00,Ansdell18,0.0,-1,0.00,0.00,0.00,none,0,3.56,0.00,-1,0,0
338,Lup,J16085553-3902339,Sz_112,6.24,0.08,,159.2,U,-1,?,0,335.0,0,5.10,0.50,0.00,Andrews18,225.7,0,1.45,0.09,0.00,Ansdell18,0.0,-1,0.00,0.00,0.00,none,0,3.18,0.00,-1,0,0
339,Lup,J16085780-3902227,Sz_113,6.13,0.08,,162.2,U,-1,?,0,335.0,0,22.50,0.40,0.00,Andrews18,225.7,0,10.46,0.16,0.00,Ansdell18,0.0,-1,0.00,0.00,0.00,none,0,1.94,0.00,-1,0,0
340,Lup,J16085828-3907355,J16085828,6.34,0.35,,156.7,U,-1,?,0,335.0,1,0.16,0.25,0.91,Ansdell16,225.7,0,0.35,0.09,0.00,Ansdell18,0.0,-1,0.00,0.00,0.00,none,2,-1.00,2.42,-1,0,0
341,Lup,J16085834-3907491,J16085834,6.34,0.36,,157.8,U,-1,?,0,335.0,1,0.04,0.26,0.82,Ansdell16,225.7,1,0.00,0.09,0.27,Ansdell18,0.0,-1,0.00,0.00,0.00,none,-1,0.00,0.00,-1,0,0
342,Lup,J16090141-3925119,J16090141,6.09,0.08,,163.5,U,-1,?,0,335.0,0,18.00,3.10,0.00,Andrews18,225.7,0,5.53,0.41,0.00,Ansdell18,0.0,-1,0.00,0.00,0.00,none,0,2.99,0.00,-1,0,0
343,Lup,J16090185-3905124,Sz_114,6.16,0.05,,161.5,U,-1,?,0,335.0,0,99.70,1.00,0.00,Andrews18,225.7,0,41.45,0.25,0.00,Ansdell18,0.0,-1,0.00,0.00,0.00,none,0,2.22,0.00,-1,0,0
344,Lup,J16090621-3908518,Sz_115,6.33,0.09,,157.4,U,-1,?,0,335.0,1,0.29,0.18,0.83,Ansdell16,225.7,1,-0.20,0.09,0.27,Ansdell18,0.0,-1,0.00,0.00,0.00,none,-1,0.00,0.00,-1,0,0
345,Lup,J16091644-3904438,J16091644,6.36,0.45,,156.2,U,-1,?,0,335.0,1,0.24,0.26,1.02,Ansdell16,225.7,1,0.08,0.10,0.35,Ansdell18,0.0,-1,0.00,0.00,0.00,none,-1,0.00,0.00,-1,0,0
346,Lup,J16092032-3904015,J16092032,6.41,0.52,,155.9,U,-1,?,0,335.0,1,0.13,0.24,0.85,Ansdell16,225.7,1,-0.05,0.09,0.27,Ansdell18,0.0,-1,0.00,0.00,0.00,none,-1,0.00,0.00,-1,0,0
347,Lup,J16092317-3904074,J16092317,6.44,0.55,,154.9,U,-1,?,0,335.0,1,0.25,0.26,1.03,Ansdell16,225.7,1,0.01,0.09,0.28,Ansdell18,0.0,-1,0.00,0.00,0.00,none,-1,0.00,0.00,-1,0,0
348,Lup,J16092697-3836269,J16092697,6.28,0.09,,158.8,U,-1,?,0,335.0,0,4.80,0.60,0.00,Andrews18,225.7,0,1.75,0.15,0.00,Ansdell18,0.0,-1,0.00,0.00,0.00,none,0,2.55,0.00,-1,0,0
349,Lup,n/a,J160934.2-391513,7.03,0.88,,141.9,U,-1,?,0,335.0,1,-0.56,0.28,0.84,Ansdell16,225.7,1,-0.24,0.09,0.27,Ansdell18,0.0,-1,0.00,0.00,0.00,none,-1,0.00,0.00,-1,0,0
350,Lup,J16093928-3904316,J16093928,6.56,0.64,,151.9,U,-1,?,0,335.0,1,0.12,0.26,0.90,Ansdell16,225.7,1,0.05,0.09,0.32,Ansdell18,0.0,-1,0.00,0.00,0.00,none,-1,0.00,0.00,-1,0,0
351,Lup,J16094434-3913301,Sz_117,6.31,0.05,,157.7,U,-1,?,0,335.0,0,10.70,0.50,0.00,Andrews18,225.7,0,4.26,0.09,0.00,Ansdell18,0.0,-1,0.00,0.00,0.00,none,0,2.33,0.00,-1,0,0
352,Lup,J16094864-3911169,Sz_118,6.10,0.05,,162.7,U,-1,?,0,335.0,0,63.10,0.90,0.00,Andrews18,225.7,0,23.45,0.26,0.00,Ansdell18,0.0,-1,0.00,0.00,0.00,none,0,2.51,0.00,-1,0,0
353,Lup,J16095628-3859518,J16095628,6.37,0.11,,156.6,U,-1,?,0,335.0,0,8.10,0.40,0.00,Andrews18,225.7,0,2.99,0.09,0.00,Ansdell18,0.0,-1,0.00,0.00,0.00,none,0,2.52,0.00,-1,0,0
354,Lup,J16100133-3906449,J16100133,5.19,0.18,,191.9,U,-1,?,0,335.0,1,0.33,0.25,1.08,Ansdell16,225.7,1,-0.06,0.09,0.27,Ansdell18,0.0,-1,0.00,0.00,0.00,none,-1,0.00,0.00,-1,0,0
355,Lup,J16101307-3846165,J16101307,6.90,0.25,,144.1,U,-1,?,0,335.0,1,0.01,0.19,0.58,Ansdell16,225.7,1,-0.02,0.09,0.27,Ansdell18,0.0,-1,0.00,0.00,0.00,none,-1,0.00,0.00,-1,0,0
356,Lup,J16101857-3836125,J16101857,6.30,0.09,,158.1,U,-1,?,0,335.0,1,-0.46,0.18,0.54,Ansdell16,225.7,1,0.09,0.09,0.36,Ansdell18,0.0,-1,0.00,0.00,0.00,none,-1,0.00,0.00,-1,0,0
357,Lup,J16101984-3836065,J16101984,6.31,0.14,,158.0,U,-1,?,0,335.0,0,2.10,1.10,0.00,Andrews18,225.7,1,-0.06,0.09,0.27,Ansdell18,0.0,-1,0.00,0.00,0.00,none,1,-1.00,5.19,-1,0,0
358,Lup,J16102741-3902299,J16102741,6.96,0.77,,142.7,U,-1,?,0,335.0,1,0.59,0.27,1.40,Ansdell16,225.7,1,-0.06,0.09,0.27,Ansdell18,0.0,-1,0.00,0.00,0.00,none,-1,0.00,0.00,-1,0,0
359,Lup,J16102955-3922144,J16102955,6.13,0.08,,162.3,U,-1,?,0,335.0,0,7.90,0.70,0.00,Andrews18,225.7,0,2.94,0.22,0.00,Ansdell18,0.0,-1,0.00,0.00,0.00,none,0,2.50,0.00,-1,0,0
360,Lup,J16105158-3853137,Sz_123_B,6.14,0.05,,162.1,U,-1,?,0,335.0,1,-0.28,0.19,0.57,Ansdell16,225.7,1,-0.21,0.10,0.30,Ansdell18,0.0,-1,0.00,0.00,0.00,none,-1,0.00,0.00,-1,0,0
361,Lup,J16105158-3853137,Sz_123_A,6.14,0.05,,162.0,U,-1,?,0,335.0,0,40.64,0.56,0.00,Ansdell16,225.7,0,16.06,0.34,0.00,Ansdell18,0.0,-1,0.00,0.00,0.00,none,0,2.35,0.00,-1,0,0
362,Lup,J16115979-3823383,J16115979,6.08,0.13,,163.5,U,-1,?,0,335.0,1,0.09,0.18,0.63,Ansdell16,225.7,1,0.09,0.09,0.36,Ansdell18,0.0,-1,0.00,0.00,0.00,none,-1,0.00,0.00,-1,0,0
363,Lup,J16120445-3809589,J16120445,6.26,0.63,,158.3,U,-1,?,0,335.0,1,-0.04,0.28,0.84,Ansdell16,225.7,1,0.05,0.09,0.32,Ansdell18,0.0,-1,0.00,0.00,0.00,none,-1,0.00,0.00,-1,0,0
364,Lup,J16124373-3815031,J16124373,6.26,0.05,,159.3,U,-1,?,0,335.0,0,30.70,0.80,0.00,Andrews18,225.7,0,11.77,0.16,0.00,Ansdell18,0.0,-1,0.00,0.00,0.00,none,0,2.43,0.00,-1,0,0
365,Lup,J16134410-3736462,J16134410,6.25,0.09,,159.6,U,-1,?,0,335.0,0,3.00,0.70,0.00,Andrews18,225.7,0,0.69,0.09,0.00,Ansdell18,0.0,-1,0.00,0.00,0.00,none,0,3.72,0.00,-1,0,0
